Provincia,1.96,2.1,2.12,2.18,2.3,2.36,2.09,2.01,2.02,2.03,1.94,1.87,1.89,1.88,1.99,2.08,2.29,2.22,2.04,2,2.04.1,1.88.1,1.9,1.85,1.89.1,1.95,2.08.1,2.11,2.28,2.2,1.99.1,1.97,2.03.1,1.91,1.84,1.86,2.05,1.94.1,2.1.1,2.2.1,2.33,2.29.1,1.97.1,1.7,1.78,1.8,1.9.1,1.87.1,1.88.2,2.1.2,1.87.2,1.94.2,2.14,2.06,1.59,2.34,0,2.03.2,1.94.3,1.86.1,1.86.2,1.85.1,1.99.2,2.11.1,2.28.1,2.27,2.04.2,1.89.2,2.02.1,2.5,1.89.3,1.92,1.96.1,2.6,2.08.2,2.18.1,2.29.2,2.34.1,2.07,1.93,1.99.3,2.04.3,1.88.3,1.93.1,1.96.2,1.92.1,2.06.1,2.17,2.33.1,2.36.1,2.13,1.97.2,2.07.1,1.94.4,1.95.1,1.89.4,1.93.2,1.88.4,2.08.3,2.1.3,2.23,2.26,2.07.2,1.95.2,1.95.3,2.04.4,1.91.1,1.97.3,1.92.2,1.87.3,2.06.2,2.15,2.35,2.36.2,2.05.1,2.03.3,2.11.2,2.07.3,2.11.3,2.04.5,1.95.4,1.96.3,2.05.2,2.25,2.27.1,2.36.3,2.09.1,2.02.2,2.1.4,1.99.4,1.96.4,2.03.4,2.05.3,1.93.3,2.7,2.18.2,2.29.3,2.4,2.05.4,1.99.5,1.95.5,2.11.4,1.94.5,1.98,1.91.2,1.96.5,1.99.6,2.14.1,2.39,2.39.1,2.05.5,1.97.4,2.08.4,2.05.6,2.05.7,2.03.5,2.13.1,2.1.5,2.13.2,2.1.6,2.26.1,2.22.1,2.08.5,2.07.4,2.13.3,2.07.5,2.04.6,2.02.3,2.06.3,2.13.4,2.09.2,2.14.2,2.37,2.33.2,2.08.6,2.01.1,2.05.8,2.16,2.06.4,2.14.3,2.09.3,2.2.2,2.1.7,2.18.3,2.4.1,2.37.1,2.16.1,2.07.6,2.05.9,2.18.4,2.06.5,2.16.2,2.11.5,2.03.6,2.1.8,2.2.3,2.3.1,2.31,2.03.7,2.03.8,2.8,2.11.6,2.9,2.08.7,2.14.4,2.08.8,2.16.3,2.21,2.33.3,2.43,2.07.7,2.12.1,2.1.9,2.09.4,2.14.5,2.15.1,2.08.9,1.98.1,2.03.9,2.08.10,2.21.1,2.44,2.06.6,2.01.2,2.11.7,2.10,2.08.11,2.12.2,1.96.6,1.9.2,1.98.2,2.05.10,2.37.2,2.34.2,2.19,2.08.12,1.97.5,2.1.10,1.98.3,2.14.6,2.2.4,2.03.10,2.20,2.05.11,2.29.4,2.22.2,2.04.7,2.02.4,2.13.5,2.11.8,2.18.5,2.38,2.12.3,1.93.4,1.99.7,2.03.11,2.35.1,2.18.6,1.98.4,2.09.5,2.1.11,2.07.8,2.09.6,2.34.3,2.1.12,1.91.3,1.97.6,2.01.3,2.39.2,2.24,2.02.5,1.9.3,1.97.7,2.16.4,2.13.6,2.28.2,2.05.12,1.95.6,1.92.3,1.93.5,2.2.5,2.03.12,1.89.5,1.93.6,2.1.13,2.03.13,2.13.7,2.3.2,2.1.14,2.30,1.9.4,1.9.5,2.2.6,2.32,2.40,1.9.6,1.9.7,1.9.8,2.1.15,2.2.7,2.41,1.9.9,1.9.10,2.42,2.1.16,2.1.17,1.9.11,1.8.1,2.45,2.1.18,2.1.19,2.4.2
21 Huelva,1.98,2.34,3.14,3.82,4.17,4.18,3.44,3.0,3.15,2.76,2.35,2.13,2.07,2.34,3.15,3.92,4.08,3.75,3.48,3.03,3.21,2.53,2.17,1.98,2.21,2.29,3.01,3.64,4.44,3.84,3.34,3.19,3.24,2.91,2.12,2.02,2.23,2.39,2.8,3.71,4.19,3.83,2.84,2.27,1.88,1.77,1.99,1.98,1.8,2.25,2.16,3.41,3.8,3.41,2.29,3.38,0,4.18,3.31,2.77,2.87,3.03,3.14,4.1,4.69,4.24,3.61,3.48,4.2,4.09,2.93,2.45,2.17,2.65,4.08,4.11,4.76,4.47,4.26,3.93,4.53,4.21,3.04,3.17,2.79,3.35,3.18,3.95,4.73,4.46,3.82,3.42,3.76,4.43,3.48,2.68,1.98,2.8,3.59,4.1,4.13,4.54,3.7,3.57,3.91,3.95,3.86,3.2,1.89,2.47,2.64,4.17,4.73,4.6,3.59,2.81,3.99,4.41,3.37,2.38,2.05,2.76,3.31,3.96,4.7,4.51,3.25,2.89,3.81,4.01,2.95,2.27,2.26,2.63,3.18,3.83,4.1,3.42,3.22,2.96,4.21,4.25,3.61,2.86,2.25,2.55,3.31,3.56,3.88,3.78,3.61,3.17,3.98,3.41,3.01,2.47,2.23,2.75,3.28,3.48,4.41,4.19,3.55,3.02,3.63,3.27,2.95,2.66,2.31,2.83,3.3,3.64,4.29,3.96,3.59,3.14,3.65,3.16,3.04,2.63,2.32,2.72,3.41,3.56,4.07,3.87,3.49,3.03,3.04,2.95,3.05,2.86,2.3,2.51,3.12,3.43,4.32,4.07,3.32,2.97,2.83,2.81,2.79,2.83,2.47,2.78,2.62,3.16,4.16,4.07,3.54,2.95,3.04,2.88,3.18,2.89,2.42,3.37,2.99,3.59,4.57,4.32,3.36,2.98,3.19,3.12,3.24,2.75,2.74,3.09,3.73,4.5,5.06,5.02,3.53,3.24,3.08,3.57,3.66,3.41,3.68,4.2,3.57,4.43,5.45,4.55,3.62,3.61,3.49,3.72,2.95,3.99,3.22,3.5,3.84,4.49,4.44,4.57,3.31,3.22,2.86,3.22,3.03,4.3,3.6,3.07,3.23,3.76,4.52,4.15,3.55,3.48,2.97,3.88,3.25,2.06,2.16,3.4,3.53,4.3,4.36,4.18,3.47,3.11,3.03,3.6,3.5,3.75,2.5,3.6,3.0,4.0,4.6,4.7,3.6,3.3,3.7,3.7,2.8,3.6,2.4,2.6,3.2,4.0,4.3,4.7,3.3,3.3,3.9,3.5,3.3,3.8
23 Jaén,1.78,1.85,1.73,1.8,1.91,1.88,1.81,1.73,1.75,1.86,1.76,1.77,1.76,1.86,1.82,1.8,2.03,1.91,1.77,1.82,1.93,1.8,1.78,1.78,1.8,1.84,1.84,1.78,2.07,1.81,1.79,1.84,1.89,1.85,1.8,1.66,1.85,1.71,1.77,1.8,1.93,1.78,1.74,1.73,1.54,1.68,1.82,1.75,1.57,1.49,1.78,1.85,2.01,1.86,1.58,2.39,0,1.8,1.65,1.63,1.66,1.77,1.69,1.75,2.0,2.1,1.73,1.69,1.78,1.73,1.58,1.63,1.72,1.79,1.74,1.73,1.96,1.96,1.77,1.7,1.81,1.87,1.65,1.64,1.72,1.71,1.74,1.69,1.97,1.93,1.76,1.71,1.82,1.68,1.61,1.7,1.64,1.69,1.74,1.65,1.97,1.77,1.69,1.7,1.67,1.8,1.71,1.66,1.64,1.66,1.67,1.66,1.91,1.78,1.82,1.66,1.8,1.74,1.78,1.7,1.66,1.77,1.69,1.76,1.85,1.84,1.79,1.66,1.83,1.68,1.67,1.73,1.68,1.82,1.62,1.75,1.92,1.88,1.76,1.75,1.71,1.88,1.66,1.68,1.63,1.65,1.69,1.71,1.84,1.93,1.63,1.67,1.83,1.63,1.59,1.58,1.63,1.69,1.67,1.68,1.86,1.8,1.66,1.64,1.7,1.62,1.6,1.63,1.69,1.65,1.67,1.72,1.93,1.84,1.69,1.6,1.8,1.63,1.59,1.66,1.62,1.7,1.69,1.64,1.87,1.9,1.63,1.64,1.72,1.69,1.63,1.57,1.8,1.78,1.63,1.7,1.92,1.91,1.63,1.65,1.69,1.83,1.63,1.59,1.87,1.8,1.67,1.74,2.0,1.73,1.66,1.59,1.74,1.57,1.55,1.52,1.72,1.53,1.67,1.64,1.84,1.57,1.5,1.54,1.67,1.56,1.53,1.5,1.54,1.49,1.54,1.52,1.82,1.57,1.47,1.51,1.55,1.69,1.56,1.52,1.58,1.49,1.57,1.57,1.89,1.67,1.45,1.48,1.59,1.58,1.5,1.45,1.54,1.46,1.48,1.57,1.89,1.67,1.45,1.54,1.59,1.59,1.51,1.51,1.57,1.66,1.52,1.56,1.88,1.54,1.54,1.5,1.5,1.74,1.44,1.44,1.56,1.61,1.54,1.44,1.69,1.46,1.46,1.47,1.63,1.46,1.5,1.58,1.5,1.4,1.5,1.4,1.6,1.5,1.4,1.4,1.6,1.5,1.5,1.5,1.4,1.5,1.5,1.6,1.8,1.6,1.4,1.4,1.7,1.6,1.7,1.7
29 Málaga,3.05,3.21,3.63,3.8,3.97,3.87,3.53,3.41,3.25,3.36,3.16,2.98,2.95,3.19,3.51,3.62,3.9,3.73,3.59,3.44,3.27,2.95,2.96,2.87,2.74,3.13,3.55,3.48,4.02,3.69,3.54,3.43,3.35,3.2,2.72,2.69,2.52,2.92,3.47,3.61,3.8,3.38,2.67,2.2,1.99,1.86,1.85,1.91,1.8,2.02,2.2,2.68,3.13,2.86,1.9,2.01,0,3.44,3.03,2.99,2.84,3.13,3.66,3.66,4.0,3.86,3.54,3.37,3.32,3.33,3.05,3.17,2.97,3.32,3.73,3.79,4.12,4.03,3.68,3.53,3.38,3.49,3.2,3.24,2.9,3.33,3.77,3.84,4.23,4.12,3.77,3.53,3.46,3.54,3.27,3.3,3.2,3.65,3.89,3.93,4.34,4.16,3.82,3.6,3.45,3.67,3.43,3.53,3.04,3.33,3.87,3.88,4.19,4.2,3.75,3.5,3.55,3.67,3.34,3.53,3.04,3.44,3.81,3.92,4.24,4.26,3.86,3.59,3.41,3.74,3.5,3.76,2.88,3.22,3.91,4.0,4.27,4.25,3.87,3.45,3.33,3.43,3.57,3.46,3.03,3.25,3.74,3.83,4.13,4.2,3.73,3.47,3.54,3.57,3.41,3.46,3.13,3.49,3.48,3.86,4.25,4.06,3.59,3.31,3.4,3.46,3.27,3.67,3.11,3.46,3.53,3.85,4.25,4.07,3.75,3.43,3.4,3.61,3.44,3.85,3.15,3.5,3.61,3.88,4.28,4.03,3.81,3.47,3.58,3.57,3.34,3.91,3.37,3.43,3.55,3.57,3.85,3.94,3.52,3.4,3.22,3.35,3.34,3.54,3.41,3.35,3.53,3.55,3.83,3.88,3.39,3.31,3.29,3.29,3.32,3.79,3.46,3.49,3.4,3.7,4.03,3.92,3.54,3.36,3.27,3.39,3.29,3.87,4.0,3.78,4.16,4.28,4.68,4.54,4.02,3.66,3.48,3.86,3.77,4.41,3.83,3.9,4.04,4.18,4.8,4.75,4.26,3.92,3.81,4.08,4.14,4.44,3.81,4.05,4.1,4.28,4.9,4.76,4.26,3.98,4.19,4.35,4.42,4.46,3.77,3.95,4.26,4.84,5.11,5.1,4.54,4.12,3.97,3.99,4.24,4.87,4.16,4.4,4.39,4.83,5.5,5.24,4.69,4.27,3.96,4.24,4.48,4.49,4.1,4.4,4.2,4.5,5.3,5.2,4.7,4.1,4.1,4.6,4.7,5.0,4.8,4.8,4.7,5.0,5.9,5.5,4.1,4.1,4.5,4.9,4.9,5.5
41 Sevilla,2.0,2.05,2.07,2.02,2.06,1.97,1.96,2.03,2.07,2.1,2.0,1.98,2.01,2.02,1.98,1.98,1.99,1.87,1.9,1.96,2.07,2.04,1.96,1.97,1.99,2.06,2.01,1.96,2.0,1.91,1.95,2.04,2.11,2.05,1.96,1.88,2.06,2.0,2.08,2.01,2.04,1.81,1.86,1.71,1.55,1.57,1.6,1.7,1.5,1.7,1.84,1.74,1.9,1.79,1.75,3.16,0,2.03,1.99,1.92,1.93,1.98,1.93,1.94,2.01,2.0,1.98,1.99,2.11,2.03,1.93,2.04,2.03,1.98,2.0,2.03,1.95,1.93,1.88,1.97,1.99,2.01,1.88,1.93,2.0,1.94,1.95,1.93,1.96,1.92,1.78,1.95,2.03,1.89,1.83,1.82,1.98,1.88,1.94,1.95,2.02,1.95,1.81,1.84,1.86,1.96,1.83,1.84,1.96,1.9,1.92,1.96,1.99,1.94,1.85,1.89,1.94,1.88,1.78,1.85,1.82,1.9,1.89,1.85,1.92,1.88,1.85,1.82,1.9,1.83,1.72,1.79,1.8,1.91,1.86,1.87,1.93,1.79,1.83,1.89,1.87,1.86,1.75,1.82,1.85,1.85,1.89,1.86,1.89,1.8,1.8,1.85,1.98,1.83,1.74,1.83,1.87,1.86,1.9,1.84,1.81,1.78,1.83,1.89,1.9,1.89,1.7,1.86,1.83,1.86,1.89,1.83,1.81,1.75,1.78,1.83,1.91,1.78,1.77,1.83,1.8,1.87,1.83,1.8,1.88,1.8,1.81,1.84,1.91,1.8,1.73,1.9,1.81,1.78,1.84,1.81,1.93,1.86,1.8,1.83,1.97,1.91,1.77,1.77,1.87,1.79,1.84,1.86,1.89,1.82,1.76,1.79,2.02,1.83,1.81,1.84,1.88,1.86,1.89,1.84,1.91,1.85,1.82,1.86,1.99,1.81,1.84,1.83,1.87,1.84,1.9,1.83,1.92,1.83,1.81,1.93,1.92,1.99,1.77,1.85,1.99,1.86,1.89,1.89,1.86,1.87,1.82,1.89,2.12,1.87,1.92,1.91,1.84,1.86,1.88,1.86,2.01,1.8,1.85,1.97,1.96,1.8,1.78,1.88,1.86,1.95,1.83,1.96,1.88,1.81,1.93,1.99,2.0,2.03,1.91,1.91,1.97,1.93,1.97,1.9,1.85,1.77,1.89,1.93,2.01,1.94,1.8,1.83,1.9,1.9,2.0,1.8,1.9,1.8,1.8,1.9,1.9,1.9,1.8,1.9,1.9,1.8,1.9,1.9,2.3,1.8,1.7,1.9,2.0,1.9,1.8,1.8
02 Aragón,1.86,1.89,1.86,1.88,2.05,1.99,1.83,1.83,1.82,2.0,2.05,2.07,1.85,1.92,1.94,1.89,2.05,2.03,1.93,1.91,1.96,2.06,2.18,2.08,1.98,1.92,1.97,1.95,2.12,2.04,1.92,1.93,1.99,2.15,2.13,2.15,2.05,1.85,1.93,1.91,2.18,2.11,1.86,1.83,1.94,1.88,2.04,2.03,1.97,2.31,2.03,1.92,2.19,2.03,1.97,3.01,0,2.09,2.1,2.02,1.97,1.87,1.87,1.91,2.1,2.0,1.86,1.8,1.88,1.97,2.0,2.02,1.92,1.83,1.9,1.9,2.08,1.97,1.84,1.81,1.87,2.02,2.07,2.08,1.94,1.88,1.91,1.86,2.08,1.98,1.83,1.83,1.94,1.96,2.01,1.99,1.88,1.79,1.84,1.84,2.11,2.0,1.82,1.82,1.75,2.09,2.03,2.04,1.86,1.84,1.87,1.85,2.09,1.94,1.78,1.78,1.86,1.99,1.96,2.01,1.85,1.76,1.81,1.83,2.09,1.95,1.79,1.84,1.9,1.96,1.91,2.07,1.92,1.89,1.87,1.85,2.09,1.99,1.82,1.8,1.81,2.05,1.99,2.15,1.93,1.9,1.85,1.89,2.17,2.01,1.85,1.83,1.88,1.94,2.07,2.08,1.94,1.86,1.88,1.86,2.04,2.02,1.89,1.84,1.93,2.11,2.08,2.24,2.11,1.9,1.95,1.86,2.18,1.99,1.9,1.85,2.06,2.19,2.17,2.29,2.08,1.92,2.0,1.96,2.28,2.05,1.93,1.94,2.07,2.17,2.2,2.33,2.14,1.96,1.94,2.01,2.34,2.14,2.05,2.11,2.05,2.34,2.26,2.28,2.19,2.11,2.02,1.97,2.32,2.13,2.0,1.91,2.08,2.08,2.22,2.24,2.07,1.9,1.95,2.01,2.41,2.11,1.93,1.89,2.05,2.08,2.14,2.28,2.2,2.0,2.01,2.01,2.41,2.19,2.01,1.95,1.94,2.29,2.18,2.34,2.13,1.9,1.99,1.94,2.34,2.08,1.95,1.88,2.02,2.14,2.18,2.26,2.02,1.93,1.95,1.93,2.39,2.09,1.93,2.0,2.09,2.21,2.22,2.3,2.18,2.07,1.85,2.01,2.53,2.19,2.0,1.99,1.95,2.19,2.22,2.3,2.12,1.99,1.93,1.9,2.44,2.14,1.93,1.86,1.99,2.06,2.12,2.27,2.1,1.8,1.9,2.0,2.5,2.2,2.0,1.9,2.0,2.0,2.1,2.3,2.2,1.9,1.9,2.0,2.6,2.1,2.1,2.0,2.1,2.2,2.3,2.3
22 Huesca,2.21,1.99,1.99,2.09,2.5,2.28,2.0,1.98,1.94,2.38,2.59,2.58,2.21,2.09,2.09,2.08,2.55,2.42,2.08,2.06,2.24,2.48,2.75,2.5,2.48,2.13,2.19,2.14,2.63,2.35,2.16,2.03,2.24,2.68,2.68,2.56,2.48,2.04,2.14,2.2,2.75,2.52,2.06,1.96,2.05,1.94,2.58,2.58,2.21,2.47,2.05,2.04,2.43,2.29,2.17,5.95,0,2.7,2.58,2.55,2.4,2.02,2.03,2.15,2.61,2.39,2.03,1.96,2.15,2.44,2.44,2.68,2.29,1.98,2.12,2.15,2.6,2.36,2.05,2.04,2.22,2.47,2.6,2.6,2.38,2.19,2.14,2.06,2.62,2.36,2.09,1.98,2.35,2.4,2.53,2.62,2.29,1.97,2.08,2.0,2.63,2.32,1.97,1.91,1.92,2.56,2.51,2.52,2.26,1.84,1.94,2.0,2.66,2.35,1.99,1.93,2.16,2.43,2.49,2.6,2.29,1.78,1.9,2.02,2.66,2.4,1.97,1.95,2.23,2.4,2.31,2.67,2.39,1.97,2.01,2.07,2.69,2.51,1.97,1.91,1.99,2.48,2.49,2.79,2.39,2.19,2.07,2.08,2.69,2.41,1.99,2.01,2.21,2.34,2.59,2.71,2.4,1.97,2.05,2.05,2.63,2.45,2.08,1.95,2.21,2.61,2.55,2.99,2.74,2.03,2.12,2.09,2.77,2.4,2.07,2.0,2.57,2.64,2.69,2.96,2.62,2.13,2.16,2.2,2.97,2.49,2.09,2.11,2.53,2.61,2.74,3.04,2.61,2.15,2.15,2.22,2.81,2.49,2.14,2.18,2.11,2.86,2.73,2.89,2.54,2.39,2.24,2.17,2.86,2.5,2.14,2.07,2.49,2.47,2.81,2.87,2.48,2.2,2.19,2.21,2.97,2.55,2.2,2.23,2.6,2.65,2.63,2.89,2.68,2.29,2.36,2.37,3.26,2.67,2.44,2.36,2.21,2.82,2.71,3.12,2.77,2.13,2.28,2.2,3.17,2.73,2.26,2.18,2.63,2.76,2.9,3.1,2.58,2.52,2.31,2.37,3.28,2.69,2.16,2.36,2.62,2.72,2.65,3.01,2.63,2.18,1.88,2.28,3.29,2.86,2.25,2.32,2.27,2.63,2.74,3.07,2.8,2.22,2.16,2.31,3.29,2.66,2.04,2.05,2.54,2.45,2.7,2.93,2.6,2.1,2.1,2.2,3.3,2.7,2.2,1.9,2.3,2.5,2.7,3.0,2.7,1.9,2.2,2.4,3.4,2.7,2.4,2.1,2.6,2.7,2.8,3.0
44 Teruel,2.02,2.17,1.97,2.02,1.98,2.11,1.94,1.98,1.92,2.04,1.97,1.91,1.95,1.97,1.95,1.94,2.02,1.96,1.94,2.0,1.96,1.97,1.93,1.98,1.96,1.92,1.94,1.89,2.02,1.95,1.8,1.93,1.97,1.88,1.82,1.84,1.94,1.87,1.94,1.85,2.04,1.98,1.75,1.77,1.95,2.06,2.46,2.33,2.4,2.52,2.11,1.87,2.0,1.76,1.8,3.19,0,1.76,1.72,1.78,1.84,1.88,1.79,1.9,2.02,1.91,1.71,1.81,1.86,1.73,1.75,1.72,1.88,1.89,1.84,1.77,1.89,1.78,1.69,1.76,1.83,1.79,1.63,1.64,1.79,1.73,1.86,1.8,1.92,1.82,1.79,1.9,1.95,1.78,1.69,1.71,1.78,1.72,1.77,1.77,1.88,1.8,1.76,1.77,1.86,1.88,1.7,1.84,1.69,1.71,1.77,1.87,1.87,1.73,1.69,1.78,1.78,1.75,1.68,1.72,1.66,1.74,1.65,1.71,1.91,1.66,1.6,1.83,1.75,1.59,1.53,1.62,1.76,1.87,1.74,1.77,1.93,1.74,1.77,1.84,1.81,1.85,1.73,1.86,1.76,1.9,1.78,1.81,1.91,1.75,1.68,1.7,1.76,1.7,1.7,1.74,1.86,1.82,1.79,1.78,1.98,1.79,1.78,1.85,1.83,1.84,1.73,1.84,1.79,1.88,1.86,1.84,2.03,1.9,1.88,1.88,1.98,1.9,1.7,1.89,1.89,1.8,1.87,1.91,1.98,1.89,1.82,1.99,1.94,1.9,1.78,1.93,1.91,1.96,1.8,1.82,2.11,1.9,1.93,2.03,1.76,2.02,1.82,1.83,2.17,2.11,1.99,1.94,2.21,1.98,1.99,1.82,2.1,1.92,1.85,2.14,2.11,1.99,1.93,2.15,2.32,1.99,1.79,1.77,1.95,1.79,1.87,2.09,2.03,1.84,1.94,2.01,2.23,2.09,2.02,1.92,1.93,2.07,1.93,2.03,2.12,1.89,1.87,1.91,2.06,1.76,1.9,1.9,1.81,1.99,1.58,1.61,1.64,1.56,1.76,1.79,1.93,1.8,1.69,1.83,1.89,1.77,1.77,1.86,2.04,1.83,1.71,2.03,2.47,2.05,1.73,1.72,1.7,2.12,1.85,1.94,2.03,2.03,1.65,1.58,2.25,2.0,1.65,1.6,1.71,1.64,1.55,1.73,1.8,1.7,1.7,1.9,2.1,2.0,2.0,2.0,2.0,1.9,1.9,2.2,2.0,1.9,1.8,1.8,2.3,1.9,2.1,2.0,2.0,1.7,1.9,1.9
50 Zaragoza,1.66,1.8,1.77,1.72,1.69,1.74,1.71,1.73,1.75,1.75,1.75,1.75,1.67,1.87,1.87,1.77,1.64,1.74,1.83,1.83,1.83,1.85,1.78,1.76,1.72,1.86,1.89,1.86,1.74,1.81,1.81,1.88,1.87,1.89,1.72,1.74,1.78,1.79,1.82,1.74,1.67,1.75,1.75,1.8,1.87,1.82,1.88,1.9,1.88,2.24,1.97,1.84,1.83,1.85,1.92,2.62,0,1.83,1.86,1.71,1.75,1.84,1.83,1.79,1.71,1.74,1.8,1.75,1.77,1.74,1.73,1.74,1.76,1.78,1.84,1.8,1.71,1.74,1.78,1.75,1.75,1.8,1.78,1.79,1.74,1.83,1.83,1.76,1.68,1.74,1.69,1.76,1.73,1.73,1.68,1.62,1.65,1.76,1.76,1.76,1.73,1.79,1.75,1.79,1.66,1.79,1.76,1.75,1.68,1.86,1.88,1.75,1.64,1.66,1.68,1.71,1.73,1.73,1.61,1.64,1.69,1.76,1.83,1.75,1.65,1.69,1.74,1.79,1.79,1.76,1.73,1.67,1.65,1.87,1.85,1.76,1.6,1.65,1.75,1.75,1.74,1.81,1.69,1.7,1.66,1.83,1.8,1.82,1.76,1.77,1.82,1.8,1.78,1.78,1.81,1.76,1.72,1.84,1.85,1.77,1.55,1.76,1.81,1.8,1.83,1.84,1.8,1.64,1.75,1.88,1.9,1.75,1.67,1.69,1.8,1.77,1.84,1.92,1.86,1.79,1.74,1.89,1.98,1.83,1.73,1.76,1.87,1.85,1.83,1.92,1.89,1.68,1.81,1.89,1.9,1.95,2.1,2.01,2.04,2.1,2.1,2.05,2.03,1.86,1.94,2.01,1.94,1.87,1.86,1.9,1.93,1.86,1.83,1.89,1.91,1.84,1.8,1.77,1.83,1.84,1.86,1.8,1.82,1.78,1.76,1.79,1.83,1.77,1.9,1.94,1.88,1.81,1.73,1.84,1.78,1.79,1.84,1.95,1.87,1.79,1.79,1.83,1.89,1.78,1.69,1.73,1.78,1.75,1.8,1.72,1.78,1.75,1.74,1.87,1.87,1.73,1.77,1.7,1.87,1.88,1.88,1.98,1.95,1.81,1.88,2.1,1.87,1.85,1.86,1.77,1.92,1.92,1.88,1.87,1.91,1.85,1.69,1.92,1.92,1.77,1.75,1.78,1.94,1.85,1.78,1.93,1.77,1.79,1.9,1.8,1.9,1.8,1.8,1.9,1.9,1.9,1.9,1.9,1.9,1.9,1.9,1.9,1.8,1.8,1.9,1.8,2.0,2.0,1.9,1.9,1.8,1.7
"03 Asturias, Principado de",1.91,1.95,1.92,2.07,2.36,2.18,1.98,1.79,1.85,1.96,1.81,1.89,1.97,1.91,1.98,2.0,2.45,2.25,1.98,1.83,2.01,1.92,1.86,1.91,1.99,1.96,2.05,2.13,2.45,2.28,2.08,1.97,2.06,1.9,1.85,1.87,1.99,1.94,2.02,2.15,2.58,2.31,1.96,1.85,2.01,2.04,2.13,2.09,1.96,2.17,1.92,2.13,2.53,2.29,1.8,2.7,0,1.92,1.83,1.87,1.91,1.97,2.04,2.12,2.5,2.29,2.01,1.97,2.0,1.79,1.78,1.84,1.89,1.84,1.95,2.04,2.45,2.21,1.93,1.9,1.84,1.94,1.73,1.79,1.84,1.81,1.9,2.05,2.45,2.24,1.99,1.81,1.96,1.77,1.74,1.82,1.88,1.84,2.02,2.03,2.47,2.16,1.91,1.77,1.79,1.98,1.74,1.82,1.79,1.77,1.89,2.02,2.41,2.17,1.81,1.77,1.88,1.85,1.8,1.8,1.8,1.92,1.91,2.0,2.36,2.09,1.83,1.86,1.83,1.73,1.66,1.85,1.8,1.83,1.93,2.0,2.38,2.16,1.91,1.92,1.88,1.96,1.72,1.81,1.84,1.92,1.97,2.1,2.48,2.24,2.07,1.96,2.07,1.9,1.82,1.86,1.86,1.93,1.98,2.12,2.46,2.25,1.96,1.89,2.07,1.91,1.82,1.89,1.9,1.9,1.97,2.12,2.43,2.26,2.02,1.93,2.05,1.84,1.82,1.84,1.8,1.88,1.97,2.07,2.45,2.16,1.93,1.94,1.98,1.87,1.87,1.85,1.93,1.99,1.92,2.13,2.45,2.26,1.94,1.99,1.98,2.15,1.99,2.0,1.99,2.03,1.96,2.18,2.55,2.27,2.01,1.87,2.14,1.87,1.87,1.97,2.02,1.98,2.13,2.18,2.67,2.33,1.98,1.96,1.99,1.9,1.82,1.95,2.15,2.07,2.36,2.38,3.01,2.58,2.14,2.13,1.99,2.14,2.0,1.93,2.19,2.09,2.15,2.14,2.9,2.44,2.1,2.04,2.26,1.91,1.92,1.97,2.01,2.04,2.18,2.34,2.84,2.4,2.13,2.07,2.13,1.94,1.98,1.95,2.06,2.12,2.15,2.19,2.78,2.3,2.12,2.04,2.0,2.22,2.08,1.99,2.12,2.16,2.08,2.36,2.84,2.44,2.17,2.07,2.19,2.05,1.97,1.9,2.0,2.1,2.3,2.2,2.8,2.5,2.2,1.9,2.1,1.8,1.8,1.9,1.9,2.0,1.9,2.1,2.6,2.2,1.9,1.9,2.0,1.9,1.9,1.8
"04 Balears, Illes",2.97,3.36,5.17,5.36,5.52,5.37,4.98,4.7,4.43,4.51,3.85,3.29,3.07,3.66,5.37,5.36,5.59,5.38,4.96,4.86,4.37,4.1,3.74,3.13,3.08,3.58,5.23,5.36,5.52,5.45,5.14,4.63,4.49,4.04,3.35,3.02,2.9,3.61,5.2,5.3,5.51,5.39,4.33,4.13,3.72,2.97,2.17,2.43,2.32,2.14,2.61,3.6,4.65,4.73,2.9,2.79,0,4.43,3.73,3.42,3.31,3.33,5.74,5.73,5.96,5.84,5.57,5.05,4.65,4.45,3.88,3.09,3.14,3.71,5.93,5.86,6.35,6.1,5.68,5.34,5.12,4.79,3.98,3.42,3.4,3.85,6.12,5.95,6.26,5.99,6.03,5.56,5.17,4.89,4.02,4.03,3.47,4.42,6.46,6.18,6.26,6.16,5.96,5.54,5.11,5.11,4.4,4.06,3.46,3.92,6.55,6.68,6.61,6.46,6.18,5.41,5.26,5.45,4.73,3.95,3.58,3.98,6.39,6.47,6.6,6.52,6.14,5.44,5.36,5.5,4.62,4.19,3.56,4.36,6.68,6.61,6.8,6.78,6.27,5.83,5.26,5.49,4.93,5.25,4.27,4.17,6.78,6.65,6.95,6.71,6.41,5.76,5.4,5.63,5.3,4.67,3.66,4.91,6.48,6.93,6.88,6.68,6.49,5.83,5.33,5.76,4.89,4.46,3.53,4.96,6.51,6.88,7.2,6.69,6.41,5.83,5.19,5.55,4.75,4.28,3.72,4.65,6.76,7.03,7.22,7.02,6.31,5.73,5.52,5.57,5.03,4.54,4.05,4.56,6.65,6.93,6.71,6.76,6.06,5.57,5.22,5.14,5.35,4.89,4.87,4.68,6.9,6.91,6.59,6.6,6.14,5.63,5.37,5.4,5.14,5.2,5.19,5.32,6.38,6.93,6.57,6.56,6.4,5.74,5.23,4.82,4.93,4.75,5.09,6.11,7.87,7.39,7.22,6.88,6.76,6.27,5.96,6.17,5.96,6.04,4.76,5.74,7.41,7.79,7.18,7.2,7.07,6.16,5.99,6.39,5.87,7.22,5.35,6.45,7.93,8.14,7.84,7.52,7.11,6.1,5.95,6.72,6.38,7.22,5.62,6.04,8.36,8.47,8.1,8.17,7.87,6.67,5.29,5.77,5.95,7.21,6.9,6.86,8.21,8.24,8.17,8.42,7.78,6.68,6.21,6.67,6.57,7.88,4.7,6.4,9.2,8.3,8.7,8.2,8.4,7.4,7.0,7.5,6.9,7.1,5.4,7.2,9.5,8.8,8.8,8.6,8.2,7.6,7.5,7.3,8.6,9.4
05 Canarias,6.59,6.58,6.58,6.71,6.87,6.68,6.32,6.23,6.24,6.44,6.63,6.97,6.56,6.83,6.37,6.69,6.7,6.46,6.3,6.24,6.03,6.47,6.62,7.08,6.32,6.76,6.38,6.74,6.91,6.52,6.36,6.16,6.24,6.67,6.12,7.11,6.66,6.95,6.14,6.47,6.19,5.53,4.74,4.04,4.0,3.96,3.83,4.98,5.51,5.46,4.02,4.52,5.43,5.16,2.43,4.85,0,7.73,6.55,7.49,6.94,6.91,6.69,7.12,7.19,7.06,6.69,6.43,6.59,6.73,6.82,7.42,6.82,7.24,6.9,7.22,7.51,7.21,6.88,6.91,6.76,6.73,7.09,7.74,7.04,7.45,7.02,7.17,7.8,7.32,7.15,7.05,6.72,7.28,7.3,7.93,7.38,7.73,7.15,7.82,8.05,7.61,7.26,7.05,6.92,7.37,7.41,7.65,7.38,7.44,7.07,7.5,7.86,7.59,7.19,6.75,6.96,7.33,7.56,8.03,7.41,7.38,7.26,7.58,7.67,7.51,7.17,6.93,7.05,7.52,7.59,8.38,7.73,7.41,7.37,7.39,7.71,7.54,7.16,7.14,7.33,7.12,7.55,8.29,7.45,7.64,7.11,7.52,7.69,7.34,7.12,7.13,7.14,7.47,7.61,8.15,7.39,7.62,7.12,7.45,7.76,7.15,7.13,6.93,6.92,7.69,7.41,7.83,6.95,7.15,6.83,7.2,7.51,7.02,6.81,6.54,6.51,7.21,7.17,7.63,6.82,6.82,6.66,7.23,7.41,7.02,6.66,6.61,6.69,6.76,7.11,7.58,6.45,6.61,6.47,6.64,7.18,6.72,6.43,6.21,6.18,6.39,6.59,6.89,6.32,6.59,6.25,6.72,7.35,6.91,6.47,6.57,6.16,6.45,6.93,7.6,6.64,6.81,6.65,6.9,7.42,7.04,6.72,6.57,6.35,7.07,7.11,7.93,7.44,7.72,7.32,7.45,7.84,7.28,7.15,7.09,7.3,7.23,8.0,8.53,7.58,7.95,7.18,7.63,7.85,7.31,7.39,7.08,7.04,7.41,7.75,8.59,7.48,7.83,7.61,8.02,8.24,7.82,8.16,7.72,7.19,7.72,7.84,8.44,7.5,7.72,7.62,8.06,8.13,8.04,7.97,7.73,7.83,7.38,7.63,7.81,7.55,7.84,7.53,8.22,8.12,8.44,7.95,7.83,7.37,7.69,7.74,7.82,7.5,7.7,7.5,8.1,8.3,8.4,7.5,7.7,6.9,7.6,7.7,7.7,7.9,7.7,7.6,8.3,8.3,7.8,8.4,7.7,8.0,7.4,8.2,8.0
"35 Palmas, Las",6.96,6.98,6.94,7.13,7.32,7.08,6.71,6.62,6.47,6.76,6.89,7.3,6.85,7.18,6.68,7.14,7.06,6.84,6.65,6.54,6.27,6.74,6.81,7.39,6.65,7.09,6.64,7.15,7.32,6.97,6.71,6.43,6.46,6.94,6.26,7.48,7.07,7.33,6.38,6.92,6.6,5.98,5.16,4.4,4.31,4.32,4.31,5.62,5.88,6.01,4.29,5.0,5.92,5.42,2.87,6.23,0,8.09,6.62,7.77,7.25,7.27,7.08,7.54,7.6,7.39,6.98,6.77,6.84,7.01,6.97,7.59,7.03,7.61,7.2,7.56,7.93,7.53,7.11,7.25,6.94,7.02,7.23,7.87,7.27,7.72,7.27,7.36,8.04,7.54,7.53,7.28,6.87,7.43,7.33,8.06,7.56,7.99,7.49,8.29,8.36,7.98,7.56,7.4,7.11,7.65,7.53,7.74,7.65,7.75,7.5,7.8,8.27,8.09,7.55,7.09,7.18,7.54,7.66,8.12,7.77,7.65,7.64,7.94,8.04,7.86,7.4,7.32,7.37,7.75,7.76,8.55,8.13,7.72,7.63,7.55,8.15,7.86,7.35,7.49,7.63,7.38,7.74,8.55,7.62,8.06,7.43,7.9,8.07,7.59,7.45,7.38,7.5,7.7,7.77,8.35,7.68,7.95,7.44,7.82,8.15,7.47,7.35,7.07,7.15,7.91,7.57,7.92,7.15,7.35,7.22,7.45,7.96,7.36,7.03,6.88,6.77,7.34,7.46,7.73,6.78,7.04,6.83,7.41,7.83,7.25,6.68,7.11,6.96,6.74,7.51,7.8,6.38,6.87,6.75,6.65,7.64,6.8,6.5,6.13,6.15,6.36,6.68,7.0,6.31,6.94,6.4,6.71,7.56,6.75,6.52,6.44,6.04,6.3,6.8,7.45,6.63,6.64,6.73,6.99,7.56,6.82,6.68,6.35,6.18,7.04,6.96,8.07,8.03,8.41,7.74,8.16,8.36,7.81,7.64,7.55,7.8,7.71,8.09,8.9,8.16,8.33,7.73,8.27,8.44,7.65,7.77,7.27,7.14,7.74,8.01,8.86,7.83,8.42,8.02,8.73,9.25,8.26,8.59,8.11,7.82,8.09,8.01,8.43,7.67,7.98,7.96,8.76,8.66,8.69,8.3,8.07,8.41,7.82,7.5,8.0,7.38,7.76,7.69,8.57,8.42,8.67,8.37,7.87,7.66,8.21,7.7,7.85,7.4,7.7,7.6,8.2,8.5,8.7,7.5,7.8,7.2,7.7,7.7,7.6,8.8,8.8,8.0,8.4,8.9,8.3,8.5,8.1,8.3,7.2,8.1,8.0
38 Santa Cruz de Tenerife,6.08,6.02,6.06,6.11,6.23,6.12,5.78,5.69,5.91,5.98,6.24,6.51,6.14,6.33,5.92,6.07,6.18,5.92,5.8,5.82,5.69,6.08,6.36,6.66,5.89,6.31,6.01,6.16,6.32,5.89,5.87,5.79,5.94,6.29,5.94,6.63,6.1,6.39,5.79,5.84,5.58,4.86,4.11,3.58,3.63,3.56,3.36,4.11,4.97,4.71,3.67,3.99,4.61,4.65,1.86,2.07,0,7.17,6.45,7.12,6.54,6.44,6.17,6.57,6.64,6.6,6.28,5.99,6.24,6.34,6.61,7.18,6.54,6.72,6.45,6.72,6.9,6.73,6.53,6.41,6.48,6.3,6.87,7.54,6.71,7.05,6.63,6.86,7.4,6.98,6.59,6.69,6.48,7.04,7.25,7.73,7.11,7.36,6.64,7.15,7.59,7.05,6.82,6.53,6.64,6.96,7.24,7.51,6.99,6.99,6.45,7.06,7.26,6.83,6.64,6.25,6.65,7.02,7.43,7.91,6.95,7.01,6.73,7.06,7.13,6.98,6.83,6.41,6.62,7.21,7.36,8.16,7.22,7.02,7.03,7.16,7.11,7.07,6.91,6.71,6.95,6.79,7.3,7.98,7.23,7.09,6.68,7.01,7.14,6.99,6.71,6.81,6.7,7.19,7.41,7.9,7.03,7.19,6.68,6.93,7.21,6.69,6.82,6.73,6.61,7.39,7.19,7.72,6.7,6.89,6.31,6.82,6.92,6.55,6.53,6.12,6.2,7.05,6.83,7.52,6.86,6.55,6.44,6.99,6.91,6.73,6.65,6.07,6.39,6.78,6.72,7.35,6.54,6.3,6.14,6.63,6.66,6.62,6.33,6.32,6.21,6.42,6.51,6.77,6.33,6.22,6.07,6.73,7.12,7.11,6.42,6.74,6.29,6.63,7.07,7.76,6.66,6.99,6.57,6.79,7.26,7.33,6.77,6.85,6.55,7.11,7.27,7.79,7.0,7.16,6.97,6.87,7.42,6.85,6.75,6.72,6.88,6.84,7.92,8.23,7.1,7.61,6.72,7.11,7.36,7.02,7.05,6.91,6.96,7.1,7.52,8.34,7.16,7.31,7.24,7.43,7.44,7.44,7.77,7.36,6.66,7.37,7.68,8.44,7.34,7.46,7.29,7.46,7.66,7.44,7.61,7.37,7.29,6.98,7.76,7.63,7.72,7.93,7.37,7.87,7.83,8.21,7.53,7.8,7.07,7.22,7.78,7.78,7.6,7.7,7.5,7.9,8.0,8.0,7.6,7.6,6.6,7.4,7.7,7.7,7.0,6.7,7.3,8.1,7.8,7.3,8.4,7.3,7.6,7.7,8.4,8.0
06 Cantabria,1.76,1.95,2.07,2.1,2.61,2.46,2.11,1.91,1.98,1.94,1.77,1.75,1.86,2.01,2.12,2.17,2.62,2.36,2.04,1.99,2.03,1.9,1.69,1.74,1.94,1.97,2.23,2.21,2.69,2.47,2.28,2.14,2.12,2.12,1.87,1.94,1.97,2.05,2.18,2.28,2.78,2.58,1.97,1.79,1.81,1.76,1.62,1.55,1.99,2.06,1.85,2.05,2.53,2.21,1.86,3.04,0,1.72,1.81,1.85,1.89,2.11,2.07,2.29,2.61,2.45,2.08,2.06,2.17,1.97,1.87,1.91,2.01,2.13,2.3,2.31,2.65,2.48,2.2,2.05,2.1,2.04,1.82,1.74,1.98,1.99,2.23,2.33,2.79,2.61,2.19,2.16,2.19,1.96,1.89,1.92,2.01,2.17,2.24,2.31,2.78,2.48,2.23,2.15,2.17,2.13,1.92,1.94,2.01,2.17,2.27,2.34,2.75,2.52,2.14,2.07,2.14,2.15,1.91,1.84,1.9,2.22,2.2,2.3,2.65,2.47,2.22,2.14,2.27,2.01,1.88,2.0,1.9,2.16,2.19,2.26,2.59,2.32,2.17,2.09,2.13,2.08,1.8,1.84,1.92,2.08,2.18,2.18,2.52,2.27,2.15,2.15,2.19,2.03,1.86,1.79,1.94,2.02,2.19,2.27,2.61,2.39,2.2,2.07,2.05,2.07,1.89,1.88,1.97,2.16,2.26,2.46,2.67,2.5,2.24,2.19,2.18,2.12,2.04,2.1,1.92,2.26,2.22,2.33,2.71,2.55,2.19,2.08,2.23,2.15,1.86,1.89,2.1,2.19,2.23,2.34,2.75,2.51,2.25,2.17,2.13,2.17,1.92,1.89,2.04,2.29,2.32,2.48,2.99,2.6,2.21,2.13,2.2,2.02,1.95,1.87,2.17,2.09,2.38,2.42,2.96,2.66,2.23,2.05,2.14,2.08,1.97,1.73,2.24,2.1,2.35,2.53,3.39,2.79,2.27,2.29,1.99,2.08,1.92,1.86,2.02,2.02,2.33,2.45,3.32,2.64,2.24,2.09,2.34,2.05,2.0,2.0,2.03,1.94,2.34,2.42,2.91,2.58,2.24,2.17,2.31,2.05,1.88,2.16,2.04,2.08,2.12,2.55,3.25,2.71,2.25,2.09,2.08,2.08,1.9,1.88,2.07,2.0,2.21,2.58,3.35,2.75,2.34,2.22,2.29,2.07,1.86,1.93,1.9,2.0,2.2,2.4,3.2,2.8,2.3,2.2,2.0,2.0,2.0,1.9,1.9,2.0,2.1,2.4,3.4,2.6,2.3,2.1,2.2,2.0,1.8,1.8
07 Castilla y León,1.73,1.8,1.71,1.65,1.61,1.63,1.63,1.64,1.66,1.77,1.73,1.75,1.77,1.75,1.7,1.66,1.61,1.61,1.66,1.65,1.71,1.72,1.74,1.8,1.76,1.75,1.68,1.64,1.61,1.6,1.63,1.65,1.69,1.78,1.73,1.73,1.74,1.7,1.71,1.66,1.69,1.66,1.68,1.73,1.88,1.88,2.11,2.08,1.91,2.17,1.8,1.73,1.77,1.72,1.96,4.4,0,1.92,1.67,1.7,1.69,1.76,1.64,1.63,1.65,1.61,1.64,1.64,1.72,1.7,1.71,1.76,1.71,1.76,1.66,1.62,1.64,1.62,1.64,1.62,1.69,1.71,1.65,1.71,1.7,1.7,1.65,1.61,1.63,1.61,1.61,1.63,1.74,1.68,1.7,1.69,1.72,1.72,1.67,1.62,1.62,1.59,1.58,1.56,1.61,1.77,1.69,1.69,1.66,1.67,1.63,1.62,1.59,1.58,1.59,1.64,1.7,1.65,1.65,1.71,1.64,1.69,1.65,1.64,1.59,1.58,1.56,1.6,1.65,1.65,1.58,1.63,1.61,1.7,1.64,1.62,1.58,1.61,1.61,1.58,1.62,1.71,1.67,1.71,1.67,1.68,1.65,1.61,1.64,1.61,1.6,1.58,1.72,1.68,1.68,1.73,1.66,1.75,1.7,1.65,1.7,1.62,1.65,1.66,1.74,1.73,1.69,1.73,1.7,1.76,1.71,1.63,1.71,1.64,1.64,1.65,1.78,1.73,1.74,1.73,1.74,1.76,1.71,1.65,1.69,1.64,1.67,1.66,1.75,1.75,1.7,1.75,1.71,1.77,1.73,1.65,1.78,1.76,1.7,1.71,1.71,1.85,1.71,1.71,1.71,1.79,1.7,1.66,1.77,1.72,1.69,1.68,1.79,1.73,1.62,1.66,1.7,1.72,1.7,1.66,1.72,1.69,1.66,1.64,1.76,1.72,1.66,1.66,1.67,1.68,1.74,1.66,1.7,1.67,1.65,1.64,1.66,1.72,1.64,1.68,1.7,1.68,1.7,1.62,1.68,1.62,1.62,1.67,1.75,1.7,1.7,1.73,1.74,1.76,1.73,1.67,1.74,1.73,1.7,1.75,1.73,1.75,1.69,1.73,1.72,1.87,1.75,1.68,1.68,1.71,1.74,1.69,1.73,1.84,1.73,1.77,1.73,1.8,1.7,1.63,1.64,1.64,1.71,1.66,1.74,1.75,1.65,1.7,1.6,1.7,1.7,1.6,1.7,1.6,1.7,1.7,1.7,1.7,1.7,1.8,1.7,1.7,1.6,1.5,1.6,1.6,1.6,1.6,1.7,1.7,1.6,1.7
05 Ávila,1.65,1.56,1.56,1.6,1.72,1.65,1.64,1.54,1.58,1.65,1.52,1.56,1.59,1.56,1.59,1.6,1.69,1.68,1.65,1.58,1.66,1.58,1.62,1.64,1.6,1.58,1.63,1.57,1.68,1.74,1.64,1.58,1.69,1.69,1.64,1.63,1.69,1.63,1.59,1.59,1.71,1.84,1.67,1.61,1.62,1.73,1.76,1.67,1.59,1.68,1.52,1.66,1.88,1.87,,,0,1.68,1.52,1.54,1.61,1.65,1.4,1.43,1.71,1.69,1.53,1.55,1.72,1.56,1.51,1.6,1.61,1.55,1.4,1.46,1.66,1.66,1.55,1.5,1.57,1.59,1.49,1.51,1.54,1.55,1.44,1.43,1.63,1.72,1.63,1.48,1.72,1.57,1.55,1.57,1.58,1.47,1.4,1.55,1.74,1.67,1.52,1.56,1.49,1.67,1.59,1.56,1.58,1.47,1.51,1.59,1.71,1.68,1.57,1.61,1.7,1.53,1.54,1.6,1.57,1.52,1.57,1.58,1.67,1.56,1.47,1.5,1.58,1.43,1.4,1.47,1.49,1.49,1.51,1.64,1.7,1.66,1.55,1.58,1.49,1.57,1.48,1.57,1.61,1.59,1.61,1.55,1.79,1.69,1.58,1.57,1.76,1.63,1.61,1.65,1.67,1.59,1.66,1.71,1.81,1.6,1.68,1.71,1.67,1.82,1.7,1.81,1.78,1.76,1.72,1.63,1.77,1.75,1.73,1.78,1.89,1.76,1.71,1.69,1.84,1.73,1.8,1.66,1.74,1.67,1.65,1.78,1.87,1.68,1.61,1.62,1.77,1.66,1.73,1.62,1.89,1.76,1.68,1.67,1.68,1.69,1.56,1.62,1.73,1.75,1.68,1.56,1.8,1.79,1.61,1.63,1.64,1.55,1.58,1.53,1.67,1.7,1.67,1.62,1.77,1.59,1.71,1.55,1.78,1.6,1.62,1.52,1.52,1.52,1.59,1.5,1.7,1.62,1.52,1.69,1.58,1.67,1.5,1.67,1.57,1.47,1.49,1.53,1.63,1.6,1.51,1.51,1.71,1.56,1.56,1.51,1.55,1.51,1.47,1.5,1.72,1.57,1.47,1.61,1.55,1.47,1.47,1.43,1.52,1.57,1.46,1.53,1.52,1.46,1.58,1.44,1.48,1.47,1.61,1.34,1.5,1.51,1.45,1.53,1.59,1.5,1.37,1.5,1.61,1.3,1.67,1.56,1.6,1.6,1.5,1.5,1.9,1.8,1.5,1.5,1.5,1.5,1.5,1.6,1.6,1.6,1.5,1.5,1.5,1.9,1.4,1.5,1.6,1.6,1.6,1.6
09 Burgos,1.47,1.66,1.52,1.45,1.41,1.45,1.5,1.5,1.48,1.62,1.6,1.6,1.61,1.63,1.59,1.51,1.46,1.49,1.51,1.48,1.55,1.56,1.63,1.68,1.63,1.61,1.55,1.49,1.42,1.52,1.52,1.5,1.52,1.6,1.59,1.57,1.58,1.55,1.54,1.52,1.56,1.48,1.51,1.61,1.62,1.69,1.84,1.7,1.62,2.09,1.67,1.6,1.49,1.49,1.59,1.76,0,1.74,1.52,1.59,1.52,1.6,1.49,1.46,1.48,1.4,1.51,1.52,1.63,1.5,1.57,1.54,1.57,1.65,1.55,1.51,1.43,1.4,1.48,1.48,1.62,1.58,1.55,1.58,1.58,1.54,1.49,1.45,1.4,1.41,1.44,1.44,1.56,1.58,1.68,1.63,1.65,1.7,1.55,1.53,1.43,1.45,1.5,1.44,1.49,1.53,1.54,1.54,1.54,1.52,1.5,1.46,1.39,1.39,1.41,1.44,1.5,1.45,1.52,1.51,1.51,1.55,1.46,1.45,1.37,1.42,1.38,1.45,1.46,1.56,1.46,1.54,1.52,1.64,1.51,1.46,1.41,1.44,1.51,1.45,1.51,1.56,1.58,1.58,1.55,1.6,1.53,1.47,1.48,1.42,1.5,1.48,1.55,1.66,1.59,1.59,1.58,1.72,1.58,1.54,1.56,1.51,1.56,1.6,1.62,1.66,1.6,1.6,1.61,1.65,1.6,1.54,1.57,1.51,1.53,1.56,1.63,1.74,1.76,1.71,1.69,1.76,1.62,1.54,1.51,1.5,1.54,1.51,1.56,1.74,1.65,1.65,1.61,1.76,1.62,1.6,1.66,1.65,1.65,1.66,1.76,1.8,1.8,1.75,1.62,1.74,1.64,1.6,1.62,1.57,1.67,1.6,1.63,1.76,1.52,1.57,1.62,1.66,1.6,1.56,1.51,1.51,1.52,1.59,1.61,1.65,1.55,1.55,1.55,1.58,1.59,1.5,1.51,1.5,1.52,1.5,1.53,1.59,1.61,1.59,1.5,1.61,1.56,1.46,1.42,1.41,1.43,1.6,1.55,1.6,1.62,1.53,1.58,1.7,1.64,1.58,1.52,1.62,1.66,1.71,1.62,1.73,1.73,1.67,1.62,1.7,1.64,1.52,1.53,1.53,1.6,1.58,1.61,1.76,1.55,1.6,1.6,1.63,1.51,1.41,1.43,1.45,1.56,1.43,1.47,1.68,1.53,1.59,1.5,1.5,1.6,1.4,1.5,1.4,1.5,1.5,1.4,1.5,1.5,1.5,1.4,1.5,1.5,1.4,1.4,1.4,1.4,1.4,1.4,1.4,1.5,1.5
24 León,1.77,1.72,1.68,1.51,1.57,1.59,1.42,1.44,1.46,1.68,1.69,1.77,1.76,1.67,1.6,1.49,1.6,1.57,1.53,1.47,1.63,1.54,1.62,1.7,1.9,1.74,1.55,1.55,1.6,1.6,1.48,1.48,1.55,1.73,1.8,1.8,1.74,1.66,1.64,1.55,1.66,1.61,1.65,1.88,2.07,1.98,2.4,2.36,2.09,2.25,1.96,1.77,1.78,1.76,,,0,2.09,1.71,1.78,1.74,1.75,1.48,1.52,1.64,1.55,1.48,1.47,1.59,1.74,1.73,1.79,1.57,1.62,1.49,1.48,1.65,1.59,1.57,1.56,1.67,1.67,1.67,1.71,1.73,1.69,1.69,1.64,1.68,1.71,1.63,1.65,1.79,1.72,1.76,1.8,1.87,1.66,1.63,1.53,1.61,1.59,1.49,1.47,1.54,1.8,1.77,1.71,1.71,1.65,1.56,1.5,1.59,1.57,1.55,1.58,1.71,1.68,1.65,1.8,1.68,1.63,1.54,1.62,1.56,1.51,1.47,1.48,1.59,1.59,1.61,1.62,1.77,1.77,1.6,1.55,1.66,1.57,1.59,1.48,1.6,1.83,1.76,1.81,1.83,1.74,1.62,1.53,1.6,1.58,1.54,1.52,1.75,1.72,1.72,1.83,1.8,1.73,1.65,1.57,1.67,1.62,1.61,1.57,1.76,1.68,1.74,1.82,1.75,1.75,1.68,1.51,1.65,1.58,1.57,1.5,1.78,1.76,1.82,1.75,1.87,1.82,1.72,1.58,1.66,1.61,1.61,1.56,1.68,1.71,1.82,1.8,1.73,1.74,1.68,1.53,1.71,1.72,1.59,1.56,1.6,1.79,1.77,1.68,1.75,1.78,1.66,1.55,1.73,1.71,1.59,1.63,1.87,1.69,1.65,1.68,1.63,1.66,1.6,1.6,1.64,1.68,1.56,1.53,1.71,1.69,1.58,1.61,1.81,1.61,1.62,1.6,1.66,1.6,1.52,1.54,1.57,1.72,1.64,1.73,1.73,1.68,1.66,1.56,1.59,1.6,1.49,1.58,1.7,1.65,1.76,1.82,1.68,1.71,1.59,1.51,1.65,1.61,1.57,1.61,1.65,1.71,1.72,1.78,1.71,1.72,1.56,1.52,1.55,1.64,1.54,1.51,1.56,1.72,1.69,1.71,1.67,1.7,1.47,1.46,1.53,1.66,1.64,1.54,1.7,1.6,1.51,1.63,1.5,1.5,1.4,1.5,1.6,1.6,1.5,1.5,1.6,1.5,1.6,1.8,1.6,1.7,1.5,1.4,1.6,1.5,1.5,1.5,1.7,1.7,1.8,2.0
34 Palencia,2.25,2.19,1.92,1.83,1.82,1.86,1.56,1.66,2.06,1.89,2.0,1.98,1.8,1.94,1.74,1.75,1.78,1.78,1.8,1.59,1.79,1.85,1.86,1.98,1.78,1.71,1.72,1.61,1.75,1.72,1.75,1.66,1.77,2.06,1.85,1.85,1.88,1.93,1.78,1.83,2.17,2.09,1.87,1.83,2.06,2.16,2.22,2.26,1.96,2.46,1.88,1.88,2.2,2.17,,,0,1.97,1.68,1.93,2.05,1.92,1.7,1.75,1.79,1.86,1.69,1.74,1.74,1.76,1.93,1.94,1.91,1.83,1.72,1.65,1.93,1.78,1.72,1.59,1.68,1.88,1.84,1.77,1.92,1.93,1.79,1.63,1.83,1.72,1.67,1.52,1.81,1.94,1.99,1.97,1.97,1.84,1.71,1.64,1.88,1.87,1.69,1.71,1.84,2.11,1.76,2.19,1.89,1.91,1.69,1.67,1.83,1.81,1.57,1.81,1.7,1.89,2.07,2.11,1.89,1.82,1.71,1.75,1.99,1.65,1.66,1.66,1.79,1.7,1.81,1.84,1.79,1.88,1.67,1.66,1.79,1.73,1.56,1.5,1.54,1.79,1.71,1.74,1.87,1.81,1.7,1.6,1.85,1.66,1.55,1.53,1.75,1.79,1.74,1.88,1.79,1.89,1.82,1.75,1.73,1.75,1.6,1.62,1.73,1.75,1.74,1.79,1.72,1.84,1.7,1.6,1.85,1.76,1.63,1.61,1.86,1.63,1.72,1.81,1.79,1.94,1.62,1.59,1.82,1.74,1.75,1.65,1.7,1.6,1.65,1.72,1.7,1.84,1.93,1.79,1.85,1.76,1.75,1.76,1.63,1.85,1.74,1.65,1.82,1.96,1.74,1.78,1.94,1.98,1.76,1.68,1.73,1.76,1.79,1.89,1.75,1.77,1.71,1.65,1.89,1.89,1.78,1.62,1.71,1.69,1.72,1.7,1.58,1.73,1.65,1.62,1.81,1.73,1.7,1.69,1.79,1.93,1.79,1.83,1.73,1.7,1.58,1.51,1.96,1.78,1.56,1.67,1.82,1.87,2.09,1.84,1.95,1.88,1.88,1.6,1.86,2.13,1.75,1.8,1.85,1.86,1.93,2.08,1.87,1.8,1.78,1.59,1.74,1.9,1.68,1.84,1.96,1.91,1.89,2.13,1.97,2.01,1.82,1.78,1.85,1.87,1.77,1.7,1.72,1.83,1.87,1.86,1.6,1.8,1.7,1.7,1.7,1.7,2.1,1.6,1.8,1.8,1.8,2.0,1.8,1.8,1.6,1.6,1.7,1.7,1.6,1.5,1.6,1.7,1.6,1.7
37 Salamanca,1.72,1.9,1.84,1.75,1.54,1.62,1.81,1.8,1.81,1.81,1.81,1.81,1.77,1.9,1.84,1.79,1.54,1.58,1.81,1.85,1.78,1.84,1.81,1.97,1.72,1.93,1.78,1.72,1.62,1.54,1.72,1.77,1.76,1.87,1.73,1.72,1.7,1.78,1.78,1.7,1.68,1.54,1.63,1.71,1.87,1.99,2.16,2.24,2.05,2.18,1.93,1.63,1.66,1.54,1.82,2.67,0,1.87,1.74,1.72,1.66,1.86,1.8,1.78,1.63,1.62,1.75,1.77,1.76,1.83,1.77,1.8,1.81,1.9,1.85,1.69,1.64,1.69,1.75,1.77,1.76,1.77,1.72,1.74,1.73,1.88,1.8,1.67,1.64,1.59,1.65,1.77,1.77,1.72,1.69,1.68,1.7,1.89,1.9,1.71,1.63,1.58,1.67,1.7,1.74,1.82,1.73,1.71,1.66,1.89,1.81,1.76,1.61,1.66,1.75,1.82,1.84,1.81,1.73,1.72,1.67,1.87,1.84,1.81,1.66,1.72,1.77,1.87,1.84,1.91,1.68,1.77,1.64,1.83,1.85,1.77,1.55,1.67,1.72,1.74,1.75,1.82,1.78,1.84,1.74,1.79,1.84,1.76,1.67,1.72,1.74,1.72,1.83,1.82,1.77,1.72,1.66,1.91,1.89,1.79,1.73,1.65,1.74,1.8,1.86,1.93,1.8,1.84,1.74,1.93,1.86,1.81,1.76,1.73,1.79,1.81,1.93,1.85,1.81,1.83,1.85,1.94,1.83,1.85,1.76,1.77,1.9,1.89,1.95,1.94,1.8,1.87,1.86,1.92,1.89,1.79,1.87,1.93,1.91,1.93,1.9,2.03,1.78,1.77,1.87,1.94,1.84,1.85,1.89,1.86,1.97,1.93,2.03,1.95,1.73,1.87,1.83,1.91,1.93,1.82,1.87,1.9,1.94,1.88,1.92,1.91,1.8,1.81,1.71,1.89,1.98,1.83,1.81,1.9,1.87,1.82,1.86,1.83,1.73,1.79,1.83,1.84,1.88,1.76,1.84,1.8,1.93,1.87,1.96,1.9,1.73,1.91,1.75,1.86,1.93,1.82,1.93,1.89,1.93,1.92,1.89,1.83,1.53,1.7,1.75,2.22,1.96,1.82,1.84,1.94,1.99,1.85,1.83,1.95,1.76,1.93,1.73,1.96,1.93,1.74,1.74,1.79,1.97,1.84,1.83,1.95,1.68,1.83,1.6,1.7,1.8,1.8,1.8,1.7,1.9,1.8,1.8,1.9,1.6,1.8,1.7,1.9,1.7,1.6,1.6,1.7,1.9,1.9,1.8,2.0,1.7,1.9
40 Segovia,1.84,1.94,1.82,1.79,1.72,1.71,1.57,1.82,1.85,2.02,1.98,1.68,1.77,1.84,1.77,1.83,1.8,1.75,1.61,1.83,1.81,1.91,1.92,1.93,1.94,1.89,1.93,1.86,1.76,1.68,1.65,2.01,2.0,2.08,2.05,2.02,2.01,1.86,1.93,1.86,1.69,1.73,1.91,1.94,2.48,2.3,3.16,1.85,3.1,3.69,1.97,1.88,1.92,1.79,,,0,2.5,1.71,1.72,1.75,1.84,1.8,1.69,1.77,1.71,1.68,1.71,1.8,1.79,1.73,1.57,1.83,1.81,1.78,1.82,1.82,1.75,1.63,1.67,1.83,1.82,1.7,1.78,1.83,1.81,1.76,1.73,1.82,1.69,1.62,1.84,1.73,1.7,1.72,1.73,1.75,1.72,1.78,1.72,1.68,1.65,1.57,1.66,1.6,1.82,1.78,1.56,1.54,1.61,1.7,1.63,1.65,1.56,1.53,1.59,1.58,1.52,1.46,1.61,1.57,1.58,1.65,1.71,1.62,1.56,1.5,1.46,1.52,1.45,1.41,1.45,1.43,1.44,1.54,1.67,1.57,1.67,1.48,1.49,1.43,1.47,1.47,1.5,1.49,1.51,1.57,1.61,1.64,1.64,1.49,1.47,1.62,1.49,1.51,1.57,1.53,1.56,1.66,1.54,1.74,1.65,1.56,1.61,1.58,1.62,1.65,1.71,1.63,1.7,1.73,1.66,1.86,1.76,1.62,1.69,1.68,1.63,1.65,1.68,1.59,1.65,1.75,1.63,1.83,1.67,1.67,1.62,1.72,1.57,1.68,1.73,1.57,1.63,1.59,1.66,1.86,1.73,1.62,1.73,1.7,1.86,1.7,1.81,1.68,1.79,1.76,1.66,1.84,1.74,1.59,1.63,1.77,1.62,1.62,1.54,1.63,1.61,1.66,1.61,1.75,1.64,1.53,1.67,1.83,1.72,1.82,1.83,1.73,1.62,1.92,1.78,1.75,1.64,1.68,1.69,1.66,1.59,1.61,1.84,1.77,1.68,1.81,1.85,1.74,1.63,1.7,1.66,1.66,1.69,1.57,1.7,1.63,1.7,1.69,1.65,1.72,1.62,1.7,1.72,1.71,1.68,1.69,1.74,1.77,1.82,1.82,1.69,1.68,1.68,1.88,1.73,1.78,1.78,1.69,1.97,1.79,1.83,1.98,1.83,1.82,1.58,1.76,1.87,1.85,1.82,1.7,1.72,1.9,1.7,1.8,1.7,1.8,1.5,1.8,1.7,1.8,1.7,1.7,1.9,1.9,2.2,1.8,1.5,1.6,1.5,1.8,1.7,1.7,1.6,1.5,1.3
42 Soria,2.0,1.85,1.85,1.82,1.93,1.85,1.82,1.83,1.79,1.85,1.83,2.0,2.0,1.87,1.75,1.68,1.89,1.75,1.8,1.98,1.95,1.96,1.98,2.26,2.07,1.97,1.92,1.71,1.94,1.72,1.88,1.93,1.9,2.0,1.95,2.07,1.96,1.82,2.02,1.9,2.06,1.92,1.83,1.97,2.24,2.38,2.92,2.96,3.0,3.94,1.89,2.02,2.11,2.01,2.69,10.29,0,1.92,1.88,1.93,1.98,1.92,1.87,1.86,1.93,1.84,1.8,2.0,1.96,1.85,1.81,1.97,2.08,1.98,1.81,1.81,1.91,1.73,1.73,1.66,1.73,1.83,1.8,1.77,1.88,1.78,1.74,1.65,1.92,1.79,1.74,1.71,1.9,1.73,1.78,1.78,1.86,1.88,1.8,1.68,1.92,1.93,1.72,1.6,1.64,1.78,1.85,1.95,1.81,1.71,1.7,1.7,1.82,1.67,1.64,1.74,1.76,1.7,1.83,1.82,1.9,1.78,1.69,1.68,1.88,1.77,1.75,1.85,1.81,1.84,1.84,1.84,1.81,1.8,1.66,1.71,1.9,1.83,1.9,1.93,2.04,2.06,2.09,2.27,1.87,1.91,1.73,1.74,1.94,1.89,1.74,1.79,1.93,1.74,1.94,1.96,1.86,1.88,1.79,1.7,1.87,1.76,1.73,1.77,1.84,1.75,1.85,1.98,1.87,1.74,1.83,1.8,2.11,1.82,1.78,1.8,1.99,1.78,1.84,1.87,1.78,1.7,1.69,1.69,1.97,1.81,1.8,1.92,1.98,2.04,1.92,1.9,2.04,2.1,1.9,1.87,2.15,1.91,1.9,1.9,1.93,2.11,2.0,1.88,1.88,1.95,1.78,1.8,2.08,1.79,1.71,1.64,1.95,1.73,1.84,1.64,1.82,1.74,1.77,1.73,2.14,1.88,1.7,1.73,1.86,1.84,1.8,1.79,1.79,1.82,1.84,1.7,2.09,1.85,1.71,1.65,1.64,1.83,1.67,1.71,2.11,1.67,1.77,1.58,2.23,1.88,1.77,1.68,2.03,1.79,1.93,1.84,2.22,1.99,1.88,1.78,2.12,2.3,1.88,1.87,2.01,1.91,2.36,2.33,1.99,2.01,1.85,1.94,2.08,2.02,1.89,2.06,1.82,1.97,1.97,2.12,2.32,2.0,1.8,1.63,1.94,1.88,1.75,1.73,1.98,1.86,1.88,2.11,2.1,2.0,1.9,1.9,2.2,2.0,1.9,2.1,1.8,1.7,2.0,1.9,1.6,1.5,1.6,1.7,2.0,1.8,1.6,1.5,1.6,1.5,1.8,1.8
47 Valladolid,1.81,1.84,1.73,1.83,1.75,1.73,1.85,1.78,1.77,1.84,1.68,1.82,1.97,1.74,1.79,1.77,1.64,1.64,1.75,1.74,1.76,1.72,1.71,1.71,1.8,1.7,1.7,1.69,1.6,1.62,1.69,1.67,1.7,1.67,1.59,1.67,1.74,1.65,1.77,1.73,1.65,1.73,1.72,1.6,1.69,1.64,1.84,2.09,1.67,1.85,1.74,1.73,1.81,1.75,1.95,2.73,0,1.83,1.66,1.69,1.74,1.7,1.77,1.75,1.65,1.65,1.76,1.7,1.73,1.67,1.74,1.95,1.69,1.78,1.73,1.79,1.63,1.65,1.71,1.66,1.69,1.71,1.62,1.83,1.72,1.67,1.66,1.71,1.61,1.65,1.72,1.67,1.76,1.66,1.68,1.65,1.65,1.67,1.68,1.69,1.62,1.56,1.62,1.57,1.66,1.86,1.65,1.72,1.76,1.67,1.69,1.75,1.59,1.62,1.69,1.74,1.84,1.68,1.67,1.76,1.65,1.76,1.76,1.68,1.61,1.71,1.67,1.67,1.74,1.6,1.57,1.62,1.63,1.67,1.69,1.65,1.59,1.63,1.6,1.59,1.66,1.64,1.59,1.63,1.59,1.63,1.65,1.7,1.65,1.65,1.61,1.56,1.68,1.58,1.64,1.84,1.63,1.73,1.68,1.7,1.77,1.65,1.74,1.65,1.78,1.63,1.61,1.61,1.65,1.7,1.65,1.64,1.66,1.62,1.65,1.63,1.69,1.63,1.63,1.68,1.62,1.61,1.69,1.64,1.63,1.56,1.64,1.62,1.67,1.66,1.58,1.79,1.61,1.69,1.67,1.62,1.62,1.63,1.6,1.66,1.57,1.7,1.55,1.64,1.55,1.6,1.57,1.59,1.57,1.59,1.58,1.55,1.61,1.55,1.47,1.57,1.67,1.7,1.65,1.71,1.66,1.64,1.61,1.6,1.69,1.64,1.6,1.64,1.67,1.68,1.76,1.72,1.64,1.72,1.77,1.63,1.67,1.72,1.66,1.55,1.73,1.73,1.8,1.75,1.67,1.66,1.69,1.75,1.77,1.7,1.8,1.76,1.98,1.89,1.9,1.88,1.79,1.83,1.75,1.86,1.74,1.86,1.74,1.7,1.79,1.99,1.98,2.04,1.81,1.85,1.93,1.86,2.01,2.14,1.9,1.79,1.83,1.94,1.92,1.89,1.77,1.79,1.89,1.82,1.95,1.92,1.73,1.69,1.7,1.8,1.8,1.7,1.7,1.8,1.8,1.9,1.9,1.8,1.8,1.8,1.7,1.8,1.7,1.7,1.7,1.7,1.7,1.7,1.8,1.9,1.6,1.7
49 Zamora,1.71,1.7,1.69,1.71,1.65,1.72,1.68,1.62,1.55,1.78,1.72,1.83,1.76,1.78,1.67,1.7,1.65,1.67,1.77,1.66,1.69,1.85,1.8,1.64,1.54,1.63,1.62,1.64,1.65,1.65,1.67,1.64,1.73,1.68,1.63,1.56,1.62,1.64,1.55,1.58,1.71,1.61,1.63,1.6,1.69,1.83,1.9,1.77,1.59,1.86,1.69,1.69,1.78,1.8,,,0,1.7,1.7,1.63,1.66,1.72,1.62,1.61,1.69,1.65,1.7,1.62,1.73,1.7,1.79,1.65,1.7,1.7,1.66,1.61,1.65,1.66,1.65,1.68,1.7,1.69,1.71,1.63,1.55,1.54,1.61,1.6,1.58,1.57,1.55,1.56,1.76,1.64,1.56,1.53,1.75,1.63,1.57,1.57,1.65,1.59,1.55,1.49,1.46,1.69,1.63,1.64,1.57,1.6,1.48,1.56,1.6,1.51,1.59,1.57,1.64,1.66,1.73,1.77,1.65,1.7,1.63,1.48,1.54,1.46,1.47,1.53,1.59,1.69,1.62,1.53,1.52,1.72,1.57,1.51,1.6,1.58,1.66,1.56,1.59,1.76,1.72,1.73,1.6,1.6,1.5,1.58,1.69,1.54,1.7,1.63,1.74,1.6,1.7,1.63,1.53,1.55,1.54,1.57,1.63,1.5,1.54,1.58,1.68,1.57,1.58,1.55,1.63,1.69,1.57,1.52,1.56,1.55,1.58,1.63,1.69,1.61,1.58,1.52,1.57,1.62,1.5,1.51,1.58,1.65,1.47,1.51,1.69,1.63,1.48,1.54,1.57,1.65,1.62,1.54,1.7,1.86,1.62,1.64,1.62,1.82,1.63,1.64,1.62,1.69,1.68,1.62,1.75,1.59,1.71,1.71,1.86,1.84,1.66,1.7,1.64,1.58,1.65,1.63,1.6,1.67,1.56,1.49,1.65,1.62,1.51,1.52,1.62,1.47,1.58,1.58,1.66,1.52,1.48,1.53,1.58,1.66,1.47,1.57,1.52,1.49,1.57,1.46,1.59,1.45,1.46,1.57,1.66,1.48,1.48,1.61,1.58,1.5,1.44,1.59,1.67,1.52,1.47,1.64,1.57,1.61,1.63,1.65,1.54,1.6,1.57,1.54,1.61,1.49,1.6,1.61,1.6,1.76,1.65,1.56,1.56,1.62,1.46,1.6,1.49,1.45,1.58,1.5,1.72,1.61,1.56,1.58,1.7,1.6,1.6,1.5,1.6,1.6,1.6,1.6,1.8,1.7,1.7,1.7,1.7,1.6,1.5,1.5,1.5,1.7,1.7,1.6,1.8,1.7,1.7,1.7
08 Castilla - La Mancha,1.68,1.81,1.81,1.72,1.76,1.84,1.72,1.71,1.77,1.77,1.76,1.73,1.7,1.83,1.76,1.72,1.8,1.72,1.72,1.8,1.8,1.75,1.73,1.73,1.71,1.77,1.79,1.79,1.79,1.71,1.75,1.78,1.77,1.74,1.71,1.68,1.71,1.71,1.73,1.69,1.73,1.69,1.65,1.67,1.71,1.76,1.84,1.85,1.72,1.93,1.72,1.71,1.79,1.75,1.99,2.71,0,1.74,1.59,1.62,1.64,1.71,1.69,1.69,1.73,1.69,1.66,1.7,1.71,1.64,1.61,1.65,1.64,1.72,1.7,1.66,1.73,1.69,1.65,1.72,1.73,1.71,1.63,1.62,1.65,1.74,1.71,1.66,1.76,1.66,1.63,1.69,1.73,1.63,1.63,1.61,1.62,1.69,1.68,1.65,1.72,1.69,1.68,1.71,1.61,1.74,1.62,1.6,1.65,1.68,1.7,1.66,1.73,1.64,1.64,1.7,1.67,1.65,1.59,1.6,1.6,1.71,1.67,1.66,1.7,1.68,1.67,1.71,1.7,1.66,1.52,1.57,1.61,1.76,1.7,1.69,1.72,1.65,1.66,1.69,1.67,1.78,1.59,1.58,1.61,1.75,1.72,1.69,1.71,1.68,1.65,1.69,1.77,1.68,1.63,1.58,1.67,1.76,1.78,1.75,1.81,1.72,1.75,1.8,1.77,1.79,1.74,1.62,1.7,1.76,1.8,1.79,1.8,1.73,1.68,1.81,1.82,1.81,1.76,1.67,1.7,1.81,1.79,1.77,1.75,1.77,1.78,1.85,1.83,1.82,1.78,1.7,1.7,1.85,1.78,1.76,1.84,1.81,1.78,1.83,1.79,1.88,1.78,1.74,1.72,1.79,1.76,1.77,1.82,1.82,1.74,1.75,1.74,1.73,1.68,1.75,1.69,1.72,1.8,1.8,1.79,1.75,1.71,1.73,1.69,1.67,1.72,1.72,1.68,1.68,1.76,1.76,1.8,1.75,1.74,1.77,1.67,1.74,1.68,1.71,1.63,1.68,1.73,1.7,1.75,1.68,1.73,1.69,1.69,1.63,1.63,1.66,1.67,1.69,1.72,1.7,1.77,1.71,1.77,1.68,1.59,1.58,1.6,1.64,1.61,1.77,1.65,1.68,1.72,1.7,1.73,1.6,1.6,1.7,1.58,1.61,1.57,1.69,1.6,1.62,1.71,1.63,1.6,1.62,1.6,1.55,1.53,1.55,1.5,1.6,1.6,1.6,1.6,1.6,1.6,1.6,1.6,1.5,1.5,1.5,1.5,1.5,1.5,1.5,1.6,1.5,1.6,1.6,1.5,1.5,1.5,1.4
02 Albacete,1.74,2.24,2.51,2.01,2.22,2.68,2.11,2.07,1.95,1.72,1.98,1.75,1.67,2.19,2.15,2.04,2.27,2.11,2.06,2.12,2.04,1.71,1.79,1.68,1.72,2.11,2.03,2.09,2.16,1.97,1.93,1.93,1.82,1.74,1.72,1.62,1.71,1.82,1.84,1.83,1.88,1.8,1.59,1.56,1.59,1.68,1.68,1.66,1.65,1.77,1.73,1.68,1.99,1.81,1.9,2.7,0,1.78,1.64,1.55,1.69,2.08,2.1,2.07,2.3,2.04,1.85,1.89,1.93,1.75,1.68,1.6,1.65,2.06,2.06,2.01,2.28,2.07,1.86,2.0,1.95,1.8,1.57,1.47,1.7,2.12,2.21,2.07,2.35,2.06,1.96,2.12,1.96,1.74,1.56,1.51,1.61,2.05,2.06,2.02,2.21,1.97,1.99,2.13,1.86,1.86,1.54,1.59,1.72,2.09,2.4,2.06,2.29,2.01,1.92,2.19,1.92,1.9,1.55,1.49,1.58,2.08,2.12,2.14,2.27,2.26,1.98,2.15,1.92,2.05,1.53,1.53,1.63,2.14,2.25,2.11,2.29,2.13,2.04,2.17,2.0,2.07,1.67,1.51,1.77,2.2,2.21,2.08,2.23,2.23,2.0,2.16,2.22,1.97,1.6,1.55,1.88,2.2,2.32,2.16,2.41,2.33,2.21,2.32,2.3,2.31,2.13,1.66,1.89,2.2,2.3,2.32,2.33,2.26,2.08,2.23,2.26,2.33,2.16,1.59,2.05,2.29,2.38,2.53,2.27,2.33,2.2,2.28,2.25,2.34,2.12,1.65,1.89,2.17,2.31,2.28,2.36,2.31,2.23,2.31,2.3,2.17,2.15,1.74,1.75,2.1,2.12,2.27,2.45,2.25,2.14,2.14,1.93,1.85,1.88,1.76,1.83,1.84,2.26,2.28,1.99,2.11,2.04,2.27,1.86,1.75,1.86,1.68,1.91,1.99,2.24,2.19,2.19,2.18,2.11,2.19,1.74,1.87,1.7,1.73,1.65,1.97,2.23,2.07,2.04,2.12,2.01,2.17,1.84,1.72,1.61,1.51,1.6,1.84,2.1,2.18,2.41,2.28,2.43,1.96,1.65,1.58,1.52,1.61,1.67,1.97,1.93,2.07,2.26,2.36,2.43,1.88,1.78,2.2,1.68,1.73,1.6,2.01,1.86,2.07,2.38,2.33,1.84,1.99,1.64,1.84,1.59,1.61,1.6,2.0,2.2,2.1,2.1,2.2,2.2,2.0,1.7,1.7,1.6,1.6,1.7,1.7,1.9,2.0,2.1,2.0,2.3,2.1,1.7,1.8,1.5,1.5
13 Ciudad Real,1.58,1.8,1.72,1.69,1.6,1.66,1.72,1.68,2.02,2.01,1.57,1.61,1.62,1.76,1.75,1.68,1.65,1.61,1.57,1.77,1.75,1.61,1.58,1.7,1.58,1.75,1.76,1.73,1.7,1.65,1.68,1.76,1.71,1.62,1.68,1.66,1.6,1.63,1.72,1.59,1.67,1.6,1.62,1.75,1.7,1.63,1.77,1.83,1.69,1.83,1.59,1.66,1.75,1.61,1.91,2.12,0,1.63,1.53,1.56,1.61,1.77,1.73,1.75,1.69,1.68,1.6,1.65,1.74,1.64,1.58,1.58,1.63,1.68,1.73,1.65,1.68,1.69,1.65,1.67,1.74,1.71,1.73,1.58,1.66,1.78,1.72,1.67,1.77,1.65,1.75,1.69,1.74,1.68,1.64,1.59,1.69,1.72,1.7,1.72,1.63,1.68,1.68,1.73,1.66,1.75,1.69,1.65,1.69,1.78,1.72,1.69,1.75,1.66,1.71,1.72,1.7,1.68,1.72,1.66,1.66,1.84,1.79,1.71,1.64,1.68,1.75,1.75,1.73,1.66,1.61,1.54,1.71,1.82,1.71,1.74,1.69,1.75,1.7,1.73,1.64,1.7,1.64,1.55,1.59,1.96,1.74,1.79,1.74,1.74,1.82,1.77,1.91,1.85,1.83,1.67,1.77,1.87,1.93,1.85,1.77,1.78,1.89,1.8,1.8,1.92,1.84,1.6,1.77,1.85,1.88,1.87,1.79,1.75,1.69,1.8,1.86,1.92,1.89,1.69,1.73,1.93,1.88,1.81,1.72,1.79,1.88,1.87,1.91,1.88,1.85,1.79,1.74,2.0,1.79,1.78,1.79,1.77,1.78,1.86,1.68,1.91,1.71,1.67,1.72,1.76,1.84,1.84,1.68,1.75,1.72,1.65,1.74,1.77,1.63,1.71,1.65,1.74,1.7,1.68,1.71,1.64,1.68,1.58,1.66,1.62,1.68,1.59,1.55,1.7,1.68,1.75,1.69,1.66,1.62,1.66,1.54,1.6,1.58,1.59,1.47,1.64,1.63,1.57,1.62,1.56,1.55,1.62,1.56,1.61,1.62,1.68,1.72,1.76,1.71,1.77,1.7,1.61,1.68,1.52,1.53,1.64,1.58,1.51,1.43,1.65,1.57,1.61,1.59,1.52,1.54,1.47,1.51,1.56,1.56,1.42,1.42,1.56,1.44,1.49,1.45,1.44,1.59,1.54,1.44,1.46,1.43,1.4,1.3,1.3,1.4,1.4,1.3,1.4,1.3,1.4,1.3,1.3,1.3,1.3,1.3,1.4,1.3,1.3,1.3,1.3,1.3,1.3,1.3,1.3,1.3,1.2
16 Cuenca,1.79,1.75,1.72,1.75,1.83,1.74,1.75,1.76,1.7,1.85,1.88,1.93,1.79,1.8,1.8,1.77,1.82,1.74,1.77,1.73,1.86,1.92,1.86,1.85,1.73,1.74,1.81,1.83,1.77,1.8,1.82,1.88,1.89,1.94,1.89,1.95,1.91,1.83,1.88,1.87,1.86,1.81,1.73,1.84,1.94,1.88,2.18,2.15,2.05,2.49,1.83,1.77,1.81,1.89,1.92,2.11,0,1.64,1.72,1.87,1.88,1.72,1.64,1.74,1.64,1.86,1.69,1.69,1.73,1.72,1.69,1.74,1.73,1.77,1.69,1.67,1.66,1.89,1.64,1.66,1.79,1.77,1.7,1.77,1.78,1.75,1.73,1.73,1.74,1.88,1.67,1.63,1.78,1.65,1.9,1.77,1.78,1.65,1.64,1.65,1.79,1.77,1.6,1.66,1.56,1.87,1.76,1.73,1.6,1.66,1.72,1.62,1.73,1.67,1.66,1.63,1.7,1.61,1.66,1.72,1.72,1.65,1.63,1.65,1.76,1.7,1.76,1.66,1.73,1.45,1.53,1.58,1.66,1.69,1.67,1.69,1.67,1.49,1.55,1.53,1.55,1.66,1.54,1.51,1.52,1.62,1.64,1.57,1.55,1.55,1.53,1.56,1.65,1.49,1.56,1.52,1.53,1.57,1.59,1.65,1.68,1.61,1.64,1.63,1.65,1.61,1.59,1.59,1.63,1.58,1.68,1.63,1.75,1.69,1.62,1.72,1.85,1.69,1.68,1.67,1.71,1.75,1.77,1.72,1.84,1.77,1.75,1.8,1.81,1.68,1.72,1.82,1.7,1.75,1.71,1.71,1.86,1.89,1.72,1.8,1.75,1.87,1.79,1.74,1.74,1.88,1.73,1.66,1.8,1.82,1.75,1.7,1.82,1.69,1.69,1.69,1.7,1.62,1.64,1.71,1.86,1.64,1.71,1.63,1.76,1.63,1.66,1.7,1.73,1.61,1.6,1.66,1.72,1.72,1.73,1.67,1.67,1.8,1.72,1.71,1.71,1.61,1.59,1.53,1.79,1.66,1.67,1.59,1.9,1.59,1.59,1.78,1.67,1.62,1.56,1.54,1.84,1.63,1.59,1.79,1.69,1.56,1.6,1.66,1.8,1.81,1.67,1.62,1.79,1.71,1.67,1.51,1.51,1.7,1.45,1.5,1.62,1.69,1.59,1.57,1.78,1.69,1.58,1.57,1.76,1.58,1.5,1.49,1.5,1.6,1.5,1.5,1.8,1.7,1.5,1.5,1.6,1.4,1.5,1.6,1.6,1.5,1.6,1.6,1.6,1.6,1.5,1.4,1.5,1.5,1.4,1.4
19 Guadalajara,1.79,1.82,1.77,1.73,1.83,1.72,1.75,1.68,1.71,1.76,1.8,1.75,1.93,1.81,1.75,1.71,1.9,1.77,1.76,1.81,1.79,1.97,1.99,2.0,2.0,1.65,1.82,1.82,1.86,1.77,1.92,1.84,1.85,1.79,1.72,1.62,1.68,1.74,1.72,1.66,1.72,1.82,1.83,1.74,1.69,1.86,1.89,1.84,1.74,1.96,1.79,1.86,2.02,1.96,2.5,3.72,0,1.96,1.58,1.73,1.69,1.57,1.61,1.56,1.64,1.65,1.63,1.72,1.59,1.66,1.65,1.7,1.71,1.59,1.6,1.67,1.64,1.65,1.55,1.65,1.59,1.59,1.6,1.61,1.69,1.56,1.55,1.54,1.71,1.55,1.53,1.57,1.64,1.53,1.59,1.68,1.65,1.57,1.64,1.44,1.68,1.74,1.62,1.62,1.41,1.62,1.54,1.56,1.69,1.56,1.57,1.57,1.61,1.65,1.59,1.73,1.68,1.7,1.6,1.52,1.54,1.57,1.57,1.48,1.65,1.65,1.62,1.78,1.67,1.71,1.52,1.7,1.6,1.82,1.71,1.72,1.76,1.68,1.65,1.76,1.61,1.74,1.88,1.85,1.71,1.72,1.64,1.72,1.68,1.7,1.7,1.65,1.61,1.76,1.67,1.58,1.64,1.64,1.58,1.65,1.82,1.66,1.57,1.79,1.71,1.71,1.71,1.7,1.72,1.74,1.73,1.65,1.85,1.76,1.66,1.76,1.74,1.71,1.63,1.75,1.68,1.73,1.7,1.55,1.74,1.67,1.63,1.69,1.74,1.85,1.76,1.69,1.69,1.8,1.61,1.6,1.78,1.65,1.65,1.65,1.77,1.86,1.81,1.81,1.74,1.79,1.77,1.69,1.84,1.8,1.78,1.68,1.77,1.71,1.61,1.82,1.83,1.77,1.77,1.82,1.88,1.89,1.75,1.73,1.7,1.69,1.65,1.87,1.71,1.64,1.84,1.66,1.91,1.76,1.63,1.78,1.79,1.86,1.81,1.73,1.77,1.71,1.63,1.73,1.99,1.8,1.85,1.7,1.75,1.71,1.69,1.63,1.82,1.72,1.76,1.66,1.71,1.74,1.75,1.78,1.64,1.74,1.81,1.7,1.77,1.86,1.82,1.62,1.75,1.81,1.74,1.73,1.74,1.8,1.72,1.62,1.72,1.75,1.8,1.73,1.81,1.54,1.65,1.64,1.81,1.64,1.6,1.56,1.7,1.7,1.6,1.7,1.9,1.8,1.8,1.7,1.8,1.7,1.8,1.7,1.7,1.7,1.5,1.6,1.6,1.7,1.6,1.6,1.7,1.7,2.1,1.6
45 Toledo,1.64,1.65,1.59,1.58,1.59,1.57,1.56,1.58,1.61,1.66,1.69,1.71,1.64,1.7,1.6,1.59,1.64,1.58,1.6,1.7,1.7,1.72,1.66,1.66,1.67,1.67,1.69,1.66,1.65,1.57,1.61,1.66,1.71,1.72,1.65,1.64,1.7,1.64,1.62,1.61,1.61,1.58,1.59,1.58,1.73,1.83,1.83,1.93,1.66,1.93,1.71,1.65,1.6,1.63,1.87,2.21,0,1.73,1.56,1.57,1.53,1.56,1.53,1.52,1.6,1.48,1.6,1.62,1.62,1.57,1.56,1.66,1.57,1.62,1.57,1.49,1.6,1.46,1.6,1.67,1.67,1.7,1.6,1.65,1.56,1.63,1.55,1.51,1.54,1.44,1.45,1.58,1.63,1.58,1.57,1.59,1.53,1.57,1.56,1.53,1.55,1.52,1.6,1.59,1.56,1.68,1.6,1.56,1.6,1.49,1.49,1.52,1.54,1.46,1.51,1.52,1.54,1.52,1.51,1.62,1.57,1.57,1.51,1.51,1.52,1.47,1.52,1.54,1.61,1.57,1.48,1.56,1.55,1.58,1.47,1.47,1.53,1.43,1.5,1.5,1.6,1.75,1.48,1.57,1.55,1.51,1.56,1.48,1.57,1.46,1.44,1.53,1.62,1.52,1.56,1.57,1.59,1.6,1.6,1.58,1.66,1.49,1.54,1.62,1.6,1.56,1.57,1.58,1.61,1.58,1.6,1.62,1.57,1.46,1.5,1.65,1.61,1.57,1.58,1.68,1.55,1.6,1.53,1.53,1.51,1.56,1.59,1.74,1.65,1.55,1.62,1.64,1.59,1.66,1.63,1.61,1.66,1.63,1.64,1.68,1.65,1.76,1.63,1.75,1.67,1.63,1.55,1.59,1.65,1.66,1.54,1.69,1.62,1.67,1.67,1.77,1.59,1.67,1.75,1.7,1.67,1.64,1.54,1.62,1.61,1.66,1.73,1.76,1.63,1.58,1.63,1.65,1.7,1.64,1.68,1.69,1.67,1.7,1.68,1.79,1.62,1.59,1.65,1.67,1.6,1.53,1.68,1.56,1.57,1.59,1.62,1.68,1.59,1.57,1.6,1.51,1.55,1.54,1.57,1.57,1.54,1.49,1.58,1.69,1.56,1.7,1.49,1.59,1.53,1.49,1.52,1.55,1.56,1.56,1.54,1.72,1.57,1.62,1.52,1.45,1.48,1.42,1.47,1.49,1.54,1.44,1.54,1.66,1.5,1.5,1.4,1.4,1.5,1.4,1.4,1.4,1.5,1.5,1.4,1.6,1.4,1.4,1.5,1.4,1.6,1.4,1.4,1.5,1.5,1.4,1.5,1.5
09 Cataluña,2.14,2.17,2.71,3.1,3.39,3.27,3.01,2.82,2.61,2.4,2.39,2.29,2.18,2.23,2.68,3.0,3.4,3.16,2.79,2.69,2.58,2.41,2.44,2.32,2.23,2.3,2.56,2.93,3.48,3.2,2.82,2.67,2.58,2.45,2.28,2.25,2.18,2.23,2.38,2.68,3.15,2.75,2.17,1.91,2.07,1.86,1.89,2.04,1.78,1.94,1.89,2.07,2.61,2.46,1.88,2.79,0,2.33,2.17,2.23,2.15,2.15,2.65,3.18,3.45,3.35,2.98,2.71,2.6,2.35,2.24,2.27,2.19,2.21,2.71,3.15,3.52,3.35,2.95,2.82,2.56,2.37,2.24,2.22,2.14,2.2,2.74,3.22,3.67,3.42,3.07,2.78,2.65,2.39,2.27,2.25,2.29,2.31,2.71,3.28,3.69,3.4,2.93,2.75,2.63,2.55,2.32,2.34,2.22,2.29,2.72,3.36,3.68,3.56,2.99,2.7,2.72,2.52,2.28,2.32,2.16,2.28,2.8,3.46,3.72,3.59,3.2,2.81,2.73,2.44,2.25,2.28,2.17,2.24,2.78,3.53,3.79,3.73,3.29,2.94,2.65,2.47,2.26,2.24,2.13,2.25,2.76,3.46,3.82,3.61,3.22,2.8,2.67,2.32,2.2,2.13,2.09,2.2,2.66,3.33,3.68,3.49,3.18,2.75,2.69,2.34,2.17,2.15,2.12,2.16,2.66,3.34,3.67,3.45,3.08,2.75,2.64,2.33,2.19,2.11,2.1,2.13,2.64,3.33,3.69,3.61,3.14,2.8,2.65,2.28,2.12,2.02,2.09,2.08,2.75,3.42,3.75,3.58,3.1,2.82,2.56,2.39,2.15,2.13,2.15,2.03,2.81,3.43,3.74,3.62,3.02,2.86,2.72,2.3,2.19,2.07,2.22,2.16,2.8,3.36,3.74,3.56,3.09,2.92,2.64,2.27,2.2,2.2,2.35,2.34,3.04,3.76,4.4,4.05,3.52,3.2,2.77,2.59,2.49,2.46,2.28,2.29,3.05,3.92,4.53,4.06,3.46,3.11,2.94,2.46,2.38,2.39,2.2,2.3,3.12,4.05,4.72,4.31,3.62,3.29,3.02,2.54,2.39,2.39,2.33,2.38,3.32,4.06,4.62,4.42,3.77,3.46,2.98,2.63,2.44,2.41,2.38,2.56,3.36,4.27,4.84,4.58,3.82,3.36,3.07,2.52,2.47,2.46,2.3,2.4,3.5,4.3,4.9,4.7,3.9,3.3,3.2,2.5,2.5,2.5,2.3,2.4,3.4,4.3,4.9,4.6,3.9,3.4,3.0,2.5,2.2,2.3
08 Barcelona,2.29,2.29,2.6,2.81,3.1,2.92,2.76,2.67,2.55,2.47,2.49,2.4,2.3,2.33,2.59,2.75,3.07,2.86,2.61,2.55,2.61,2.46,2.54,2.41,2.37,2.42,2.53,2.7,3.14,2.92,2.81,2.7,2.65,2.56,2.4,2.38,2.36,2.43,2.53,2.64,3.05,2.66,2.25,2.14,2.21,1.98,1.94,2.12,1.79,1.96,2.03,2.06,2.4,2.37,2.02,2.68,0,2.37,2.23,2.31,2.26,2.24,2.51,2.85,3.15,2.93,2.73,2.56,2.52,2.41,2.3,2.35,2.31,2.28,2.55,2.82,3.15,2.92,2.68,2.65,2.48,2.37,2.29,2.31,2.2,2.25,2.6,2.84,3.28,2.98,2.82,2.64,2.58,2.46,2.34,2.33,2.38,2.34,2.57,2.87,3.2,2.92,2.67,2.58,2.53,2.51,2.36,2.37,2.32,2.38,2.63,2.93,3.28,3.14,2.72,2.63,2.61,2.5,2.3,2.35,2.2,2.33,2.64,2.94,3.25,3.0,2.8,2.67,2.64,2.37,2.32,2.31,2.24,2.27,2.6,3.02,3.35,3.12,2.88,2.71,2.5,2.44,2.31,2.29,2.22,2.29,2.62,2.97,3.38,3.05,2.82,2.63,2.54,2.27,2.22,2.17,2.15,2.24,2.52,2.88,3.19,2.9,2.76,2.47,2.51,2.26,2.16,2.16,2.12,2.17,2.46,2.84,3.19,2.92,2.64,2.47,2.38,2.21,2.14,2.09,2.09,2.07,2.35,2.7,3.15,2.87,2.57,2.42,2.33,2.14,2.02,1.98,1.96,1.94,2.32,2.76,3.08,2.82,2.49,2.37,2.17,2.07,2.0,2.01,2.07,1.98,2.47,2.9,3.22,2.96,2.57,2.47,2.39,2.11,2.04,1.96,2.2,2.14,2.49,2.9,3.22,2.96,2.7,2.51,2.31,2.05,2.07,2.05,2.28,2.35,2.74,3.22,3.69,3.31,3.0,2.91,2.54,2.41,2.42,2.4,2.28,2.26,2.66,3.26,3.68,3.24,2.96,2.74,2.46,2.3,2.27,2.26,2.25,2.31,2.57,3.14,3.77,3.35,3.03,2.85,2.55,2.36,2.25,2.25,2.26,2.27,2.73,3.14,3.57,3.41,3.1,2.94,2.52,2.37,2.3,2.29,2.28,2.43,2.91,3.53,4.0,3.85,3.35,2.88,2.74,2.4,2.37,2.31,2.3,2.4,3.1,3.5,3.9,3.7,3.3,3.1,2.8,2.4,2.3,2.4,2.4,2.5,3.0,3.7,4.2,3.7,3.4,3.1,2.6,2.4,2.2,2.2
17 Girona,1.67,1.8,2.88,3.35,3.67,3.74,3.01,2.79,2.7,2.24,1.88,1.71,1.92,2.03,2.79,3.19,3.67,3.55,2.9,2.74,2.5,2.21,1.99,1.97,1.92,2.04,2.49,3.03,3.76,3.52,2.72,2.58,2.5,2.14,1.83,1.84,1.8,1.83,2.27,2.78,3.31,2.95,2.12,1.71,1.76,1.59,1.66,1.65,1.61,1.79,1.81,2.08,2.71,2.53,1.75,2.08,0,2.14,1.91,1.87,1.89,1.97,2.88,3.4,3.74,3.93,3.22,2.87,2.88,2.14,1.94,1.84,1.89,2.16,2.95,3.35,3.9,3.84,3.05,2.91,2.79,2.37,2.0,1.79,1.88,2.17,3.03,3.56,4.16,4.0,3.36,2.93,2.85,2.15,1.94,1.82,2.23,2.47,3.0,3.62,4.21,3.92,3.19,2.99,3.19,2.66,2.19,2.3,2.1,2.22,3.0,3.85,4.06,4.05,3.25,2.74,3.07,2.64,2.25,2.27,2.16,2.26,3.26,3.94,4.18,4.2,3.52,2.97,3.15,2.67,1.98,2.26,2.03,2.22,3.18,3.84,4.1,4.2,3.37,3.18,2.97,2.48,2.09,1.95,1.9,2.15,2.93,3.76,4.25,4.08,3.39,2.88,2.9,2.53,2.11,1.79,1.97,2.18,2.8,3.6,4.02,4.01,3.45,3.12,3.04,2.6,2.19,1.86,2.16,2.23,2.92,3.75,4.05,3.89,3.52,3.06,3.1,2.72,2.3,2.04,2.09,2.58,3.2,4.0,4.21,4.42,3.79,3.31,3.29,2.84,2.22,1.84,2.58,2.73,3.63,4.15,4.44,4.37,3.84,3.44,3.54,3.21,2.67,2.44,2.4,2.25,3.42,3.9,4.33,4.24,3.52,3.28,3.19,2.92,2.69,2.28,2.33,2.17,3.34,3.85,4.4,4.15,3.55,3.37,3.08,2.92,2.52,2.76,2.48,2.62,3.37,4.24,4.93,4.59,3.85,3.46,3.23,2.86,2.7,2.56,2.1,2.68,3.62,4.55,5.28,5.04,4.01,3.5,3.59,3.01,2.64,2.39,2.03,2.4,3.72,4.91,5.47,5.24,4.09,3.66,3.78,3.03,2.89,2.6,2.51,2.96,4.19,5.16,5.77,5.43,4.43,4.11,3.78,3.13,2.89,2.62,2.61,3.32,3.95,4.96,5.65,5.27,4.13,4.11,3.55,2.89,2.8,2.88,2.3,3.0,4.2,4.9,5.9,5.9,4.5,3.6,3.7,2.9,3.0,2.8,2.4,2.3,3.9,5.1,5.5,5.8,4.2,3.8,3.9,2.9,2.2,2.1
25 Lleida,2.19,1.89,1.89,1.97,2.46,2.3,1.92,1.73,1.91,2.43,2.58,2.46,2.36,1.74,1.84,1.9,2.36,2.18,1.9,1.87,2.02,2.34,2.62,2.49,2.43,1.87,1.98,2.01,2.47,2.34,2.0,1.88,2.13,2.33,2.5,2.54,2.28,1.71,1.77,1.91,2.59,2.24,1.91,1.8,2.13,1.86,2.13,2.32,2.05,2.13,1.83,2.02,2.63,2.33,2.02,2.89,0,2.5,2.39,2.37,2.17,1.71,1.66,1.83,2.44,2.17,1.71,1.65,1.98,2.27,2.41,2.48,2.23,1.71,1.74,1.83,2.49,2.17,1.68,1.67,1.85,2.23,2.37,2.35,2.39,1.63,1.78,1.84,2.48,2.14,1.74,1.7,2.11,2.16,2.52,2.45,2.25,1.65,1.77,1.94,2.66,2.08,1.83,1.67,1.74,2.5,2.55,2.5,2.31,1.62,1.81,1.87,2.55,2.3,1.93,1.84,1.94,2.29,2.43,2.66,2.3,1.7,1.76,1.93,2.54,2.16,1.84,1.73,2.03,2.31,2.27,2.51,2.27,1.74,1.72,1.86,2.44,2.23,1.79,1.81,1.78,2.38,2.3,2.59,2.17,1.66,1.78,1.95,2.5,2.05,1.84,1.71,2.08,2.23,2.36,2.56,2.21,1.65,1.75,1.91,2.53,2.12,1.81,1.72,1.97,2.23,2.27,2.64,2.33,1.55,1.78,1.88,2.64,2.19,1.85,1.72,1.97,2.41,2.5,2.57,2.35,1.61,1.73,2.07,2.86,2.44,2.0,1.79,2.13,2.38,2.58,2.61,2.4,1.83,1.85,2.09,2.75,2.52,1.94,1.99,1.85,2.56,2.46,2.65,2.48,1.91,1.95,2.21,2.92,2.63,2.01,1.94,2.44,2.49,2.57,2.59,2.38,1.83,2.0,2.16,3.04,2.58,2.1,2.04,2.31,2.53,2.53,2.69,2.76,1.89,1.91,2.19,3.13,2.66,2.12,1.85,1.98,2.8,2.71,2.99,2.8,1.78,1.96,2.28,3.15,2.56,2.1,1.91,2.47,2.53,2.88,3.23,2.6,2.06,1.87,2.28,3.18,2.62,2.02,1.92,2.31,2.51,2.66,3.23,2.62,1.95,1.95,2.28,2.99,2.5,2.02,1.9,2.23,2.85,2.78,2.98,2.7,2.02,1.93,2.35,3.15,2.63,2.02,1.95,2.22,2.72,2.69,2.95,2.5,1.8,1.9,2.4,3.2,2.6,2.0,1.9,2.3,2.6,3.1,3.1,2.5,1.7,2.2,2.4,3.0,2.8,2.3,1.9,2.3,2.5,2.4,2.8
43 Tarragona,1.54,1.79,3.14,3.91,3.97,3.87,3.98,3.54,2.91,2.2,1.83,1.75,1.53,1.75,3.15,3.76,4.17,3.7,3.3,3.3,2.67,2.39,1.79,1.75,1.57,1.73,2.94,3.74,4.21,3.71,3.1,2.77,2.49,1.93,1.71,1.59,1.58,1.6,2.22,2.86,3.25,2.78,2.14,1.55,1.87,1.74,1.62,1.77,1.65,1.89,1.69,2.11,2.64,2.48,1.85,3.47,0,2.14,1.68,1.64,1.61,1.84,3.32,4.24,4.08,4.11,3.68,3.31,2.69,2.25,1.74,1.71,1.6,1.87,3.4,4.23,4.21,4.17,3.92,3.55,2.8,2.49,1.74,1.66,1.75,2.0,3.21,4.23,4.31,4.17,3.65,3.3,2.76,2.39,1.82,1.72,1.67,1.97,3.16,4.44,4.47,4.35,3.61,3.23,2.59,2.58,1.8,1.7,1.65,1.78,2.98,4.49,4.4,4.3,3.68,3.04,2.84,2.65,1.86,1.71,1.68,1.98,3.3,4.97,4.61,4.97,4.28,3.33,2.77,2.8,1.9,1.66,1.75,2.2,3.48,5.16,4.85,5.26,4.65,3.63,3.1,2.61,1.94,1.75,1.76,2.3,3.56,4.96,4.69,4.93,4.46,3.52,3.0,2.38,1.96,1.73,1.78,2.22,3.55,4.8,4.77,4.87,4.36,3.67,3.14,2.53,2.04,1.83,1.84,2.29,3.54,4.94,4.61,4.73,4.14,3.62,3.13,2.34,2.09,1.76,1.86,2.27,3.52,4.97,4.48,5.0,4.29,3.63,3.01,2.29,2.19,1.78,1.91,2.26,3.6,4.8,4.59,4.92,4.25,3.75,2.98,2.55,2.2,1.98,1.99,2.11,3.65,4.53,4.29,4.74,3.76,3.81,3.24,2.19,2.11,2.09,1.93,2.53,3.39,4.13,4.11,4.36,3.58,3.74,3.12,2.31,2.29,1.94,2.16,2.12,4.03,4.95,5.59,5.42,4.64,4.0,3.09,2.76,2.26,2.05,2.06,2.24,3.92,5.22,5.61,5.09,4.31,3.9,3.55,2.18,2.0,2.17,1.76,2.18,4.63,5.9,6.05,5.76,4.8,4.28,3.45,2.54,2.17,2.1,2.15,2.31,4.83,5.96,6.05,6.07,5.31,4.57,3.47,2.65,1.91,1.97,2.32,2.26,4.69,5.76,6.05,5.91,5.2,4.18,3.67,2.33,2.13,2.1,1.8,2.1,4.8,5.9,6.4,6.2,5.1,4.1,3.9,2.3,2.2,2.1,1.8,2.0,5.0,5.8,6.2,5.3,5.1,4.4,3.5,2.1,1.9,2.3
10 Comunitat Valenciana,2.93,3.26,3.24,3.41,3.54,3.43,3.18,3.13,3.08,3.04,2.75,2.83,2.72,2.85,3.11,3.31,3.58,3.36,3.09,3.11,2.95,2.86,2.64,2.65,2.8,2.98,3.1,3.37,3.64,3.35,3.08,3.05,2.98,2.88,2.34,2.38,2.36,2.56,2.85,3.07,3.28,2.98,2.53,1.93,1.82,1.77,1.84,1.99,1.85,1.91,2.11,2.45,2.72,2.49,1.91,2.17,0,3.27,2.72,2.81,2.78,2.9,3.22,3.46,3.63,3.5,3.15,3.07,3.12,3.04,2.81,2.99,2.9,3.06,3.34,3.53,3.75,3.62,3.27,3.21,3.14,3.03,2.85,3.07,2.96,3.09,3.31,3.62,3.83,3.61,3.4,3.22,3.22,3.16,2.87,3.18,3.01,3.21,3.49,3.69,3.95,3.74,3.34,3.28,3.2,3.25,3.04,3.3,2.89,2.97,3.44,3.79,3.85,3.76,3.44,3.23,3.31,3.22,2.87,3.24,2.98,3.2,3.44,3.78,3.86,3.79,3.54,3.34,3.28,3.26,2.9,3.21,3.0,3.09,3.44,3.76,3.88,3.84,3.44,3.31,3.38,3.2,3.0,3.25,3.0,3.05,3.47,3.74,3.94,3.89,3.35,3.31,3.26,3.25,3.01,3.32,3.2,3.44,3.5,3.71,4.09,3.81,3.52,3.36,3.24,3.3,2.96,3.31,3.01,3.34,3.37,3.6,3.87,3.77,3.42,3.24,3.22,3.26,3.02,3.35,2.95,3.21,3.37,3.59,3.84,3.75,3.42,3.09,3.23,3.18,2.96,3.53,3.22,3.26,3.47,3.56,3.59,3.67,3.45,3.22,3.15,3.15,3.01,3.32,3.14,3.2,3.4,3.51,3.69,3.61,3.32,3.15,3.12,3.02,2.9,3.21,3.09,3.05,3.34,3.45,3.76,3.55,3.34,3.12,3.09,2.93,2.86,3.24,3.35,3.42,3.69,3.98,4.24,4.04,3.59,3.37,3.33,3.38,3.38,3.85,3.39,3.52,3.69,3.91,4.21,3.95,3.73,3.42,3.41,3.53,3.36,3.73,3.44,3.49,3.86,4.05,4.42,4.19,3.75,3.68,3.39,3.68,3.54,3.9,3.83,3.74,4.16,4.59,4.59,4.51,4.18,4.08,3.99,4.14,3.95,4.5,3.87,4.03,4.2,4.5,4.76,4.66,4.15,4.22,3.94,4.11,3.95,4.03,4.6,4.4,4.5,4.5,4.7,4.6,4.5,4.4,4.1,4.6,4.2,4.5,4.3,4.2,4.2,4.2,4.7,4.5,4.4,4.0,4.3,4.3,4.2,5.0
03 Alicante/Alacant,3.62,3.82,4.03,4.12,4.06,4.01,3.78,3.75,3.76,3.69,3.46,3.71,3.44,3.66,3.93,4.01,4.14,3.82,3.72,3.82,3.47,3.52,3.28,3.46,3.52,3.9,3.96,4.0,4.17,3.86,3.67,3.69,3.55,3.66,2.81,2.95,2.71,3.11,3.43,3.48,3.55,3.21,2.68,2.04,1.85,1.84,2.0,2.19,1.95,1.95,2.3,2.53,2.83,2.49,1.72,1.94,0,3.86,3.36,3.81,3.62,3.74,4.11,4.07,4.04,3.96,3.77,3.8,3.86,3.86,3.61,3.97,3.74,3.99,4.32,4.23,4.32,4.15,4.01,4.03,3.84,3.83,3.7,4.07,3.83,4.01,4.25,4.31,4.45,4.15,4.13,4.01,3.91,4.03,3.74,4.23,4.06,4.32,4.65,4.6,4.62,4.44,4.31,4.29,4.11,4.19,4.09,4.58,3.95,4.08,4.66,4.84,4.63,4.58,4.3,4.18,4.15,4.26,3.89,4.53,3.88,4.21,4.48,4.67,4.52,4.46,4.41,4.26,4.02,4.3,3.73,4.28,3.97,3.97,4.57,4.64,4.47,4.55,4.2,4.2,4.34,4.14,3.99,4.44,3.87,4.1,4.66,4.59,4.64,4.6,4.17,4.28,4.08,4.31,3.9,4.62,4.25,4.59,4.59,4.62,4.82,4.52,4.5,4.37,4.13,4.26,3.65,4.47,4.01,4.46,4.36,4.5,4.49,4.31,4.19,4.05,3.91,4.15,3.82,4.53,3.81,4.2,4.38,4.37,4.47,4.33,4.16,3.91,3.96,4.16,3.69,4.78,4.23,4.33,4.82,4.65,4.2,4.44,4.41,4.12,4.04,3.99,3.87,4.47,4.09,4.25,4.6,4.47,4.25,4.24,4.11,4.02,3.87,3.99,3.74,4.5,3.91,3.91,4.52,4.29,4.34,4.13,4.22,4.0,3.83,3.85,3.71,4.34,4.35,4.57,4.96,4.85,4.96,4.71,4.19,4.21,4.27,4.28,4.21,5.11,4.29,4.5,4.66,4.63,4.74,4.54,4.44,4.17,4.21,4.39,4.27,5.12,4.56,4.55,4.83,4.64,4.96,4.66,4.47,4.5,4.08,4.6,4.48,5.11,4.99,4.92,5.55,5.5,5.15,5.16,5.2,5.21,5.14,5.26,5.7,6.24,4.82,5.31,5.54,5.48,5.55,5.41,4.97,5.56,4.88,5.45,5.62,5.37,6.4,5.9,5.9,5.3,5.5,5.3,5.6,5.9,5.2,6.4,5.6,6.4,5.6,5.7,5.5,4.9,5.0,5.1,5.5,5.1,5.6,5.8,5.8,6.9
12 Castellón/Castelló,1.98,2.68,2.75,3.41,3.67,3.53,3.05,2.72,2.64,2.66,2.34,1.81,1.93,2.13,2.67,3.22,3.58,3.36,2.91,2.81,2.62,2.64,2.16,1.83,1.99,2.15,2.58,3.37,3.72,3.47,2.91,2.65,2.67,2.54,1.9,1.87,2.1,1.83,2.44,3.26,3.59,3.31,2.74,1.89,1.86,1.87,1.88,1.85,1.88,1.73,2.09,2.76,3.08,2.93,2.08,3.1,0,2.96,2.4,1.93,1.93,2.3,2.71,3.68,3.88,3.88,3.15,2.94,2.77,2.65,2.29,1.88,1.98,2.34,2.87,3.66,3.99,3.92,3.26,2.92,2.86,2.56,2.15,1.99,2.04,2.39,2.84,3.7,4.14,3.91,3.36,3.06,2.87,2.67,2.15,1.97,1.99,2.16,2.98,3.76,4.13,3.94,3.0,2.75,2.56,2.78,2.18,1.94,1.82,2.05,2.74,3.76,3.97,4.12,3.45,2.75,3.04,2.93,2.13,2.39,2.19,2.4,2.86,3.8,4.0,4.2,3.59,2.95,3.17,2.85,2.2,2.24,2.27,2.45,2.99,3.85,4.28,4.29,3.54,3.17,3.1,3.02,2.35,2.38,2.39,2.35,2.93,3.85,4.28,4.47,3.49,3.03,3.14,2.89,2.7,2.58,2.54,2.89,2.97,3.92,4.53,4.45,3.64,2.93,2.99,3.07,2.65,2.46,2.37,2.92,2.95,3.54,4.4,4.54,3.72,3.05,2.99,2.94,2.59,2.39,2.48,2.72,3.17,3.69,4.08,4.3,3.54,2.95,2.86,2.69,2.53,2.5,2.42,2.82,3.11,3.51,4.03,4.06,3.49,3.07,3.0,2.88,2.66,2.48,2.7,2.78,3.2,3.51,4.08,4.04,3.54,3.02,2.91,2.82,2.61,2.51,2.93,2.7,2.97,3.66,4.21,4.09,3.69,3.08,2.95,2.75,2.59,2.73,3.36,2.82,3.47,4.24,4.67,4.65,3.69,3.08,3.04,2.82,2.85,2.83,3.07,3.17,3.56,4.18,4.78,4.59,4.06,3.21,3.24,3.25,3.11,3.24,3.24,2.81,3.6,4.8,5.2,5.22,3.67,3.32,3.05,3.29,3.31,3.17,3.06,2.86,3.71,4.63,5.07,5.38,4.24,3.34,3.25,3.24,2.45,2.41,2.22,3.04,3.05,4.35,4.97,5.21,3.95,3.08,3.08,3.12,2.49,3.07,2.9,3.0,3.5,4.4,5.0,4.6,4.0,3.2,3.0,2.7,2.5,2.4,2.5,2.6,3.2,4.2,5.8,4.9,3.7,3.0,3.0,2.7,2.5,3.2
46 Valencia/València,2.19,2.54,2.33,2.5,2.72,2.58,2.41,2.43,2.36,2.36,2.02,2.03,2.02,2.05,2.22,2.44,2.75,2.67,2.33,2.3,2.38,2.17,2.02,1.97,2.11,2.07,2.2,2.53,2.8,2.55,2.37,2.37,2.36,2.13,1.95,1.99,2.04,2.16,2.24,2.46,2.7,2.46,2.21,1.82,1.78,1.7,1.75,1.87,1.75,1.94,1.88,2.17,2.33,2.25,2.0,2.09,0,2.32,2.0,1.93,1.98,2.05,2.23,2.5,2.82,2.63,2.34,2.21,2.31,2.22,1.98,2.03,2.05,2.11,2.2,2.49,2.78,2.68,2.31,2.24,2.31,2.22,2.08,2.02,2.02,2.11,2.17,2.56,2.75,2.65,2.37,2.18,2.37,2.19,1.96,1.94,1.95,2.08,2.17,2.44,2.85,2.59,2.17,2.15,2.18,2.22,2.02,2.01,1.87,1.97,2.12,2.4,2.67,2.44,2.23,2.13,2.21,2.08,1.88,1.84,1.97,2.18,2.19,2.5,2.71,2.53,2.24,2.18,2.25,2.17,1.97,1.9,1.9,2.07,2.12,2.43,2.73,2.54,2.27,2.1,2.13,2.14,1.96,1.91,1.96,1.95,2.06,2.46,2.71,2.58,2.2,2.12,2.24,2.19,2.06,1.93,2.02,2.12,2.14,2.37,2.77,2.49,2.18,2.1,2.23,2.28,2.14,2.03,1.95,2.23,2.26,2.42,2.65,2.55,2.26,2.21,2.41,2.34,2.18,2.12,2.02,2.3,2.2,2.42,2.72,2.55,2.29,2.14,2.41,2.27,2.2,2.24,2.19,2.18,2.16,2.31,2.51,2.47,2.24,2.14,2.18,2.22,2.15,2.17,2.07,2.1,2.05,2.26,2.57,2.43,2.16,2.04,2.19,1.97,1.96,1.91,1.97,1.96,2.0,2.13,2.5,2.3,1.97,1.89,2.06,1.89,1.91,1.92,2.07,2.27,2.13,2.46,2.73,2.55,2.46,2.18,2.08,2.28,2.23,2.22,2.14,2.21,2.24,2.46,2.72,2.54,2.27,2.21,2.24,2.31,2.06,2.12,2.12,2.32,2.38,2.54,2.83,2.7,2.37,2.26,2.28,2.42,2.2,2.3,2.29,2.21,2.19,2.83,3.0,2.72,2.38,2.33,2.36,2.61,2.25,2.59,2.44,2.28,2.37,2.71,2.94,2.85,2.51,2.28,2.53,2.39,2.13,2.17,2.3,2.3,2.3,2.7,2.8,2.9,2.4,2.2,2.3,2.6,2.2,2.2,2.2,2.3,2.2,2.5,2.8,2.8,2.2,2.1,2.4,2.4,2.1,2.2
11 Extremadura,1.72,1.87,1.84,1.76,1.64,1.65,1.77,1.82,1.86,1.84,1.8,1.72,1.74,1.86,1.93,1.79,1.74,1.71,1.79,1.91,1.98,1.85,1.76,1.73,1.75,1.82,1.91,1.77,1.71,1.61,1.7,1.85,1.86,1.85,1.71,1.75,1.82,1.76,1.89,1.77,1.67,1.57,1.58,1.61,1.67,1.77,1.74,1.76,1.78,1.82,1.69,1.65,1.67,1.66,1.8,2.51,0,1.76,1.68,1.62,1.72,1.75,1.82,1.8,1.61,1.6,1.73,1.75,1.76,1.74,1.64,1.62,1.64,1.79,1.82,1.75,1.63,1.6,1.72,1.76,1.84,1.8,1.64,1.63,1.68,1.83,1.84,1.77,1.67,1.56,1.72,1.8,1.84,1.69,1.62,1.6,1.76,1.93,1.87,1.76,1.7,1.59,1.68,1.79,1.76,1.77,1.62,1.61,1.59,1.77,1.78,1.77,1.56,1.56,1.76,1.77,1.82,1.65,1.55,1.64,1.63,1.68,1.85,1.78,1.58,1.64,1.75,1.77,1.77,1.73,1.53,1.58,1.65,1.76,1.78,1.76,1.56,1.64,1.81,1.77,1.76,1.8,1.57,1.58,1.61,1.78,1.83,1.86,1.68,1.64,1.74,1.85,1.83,1.77,1.64,1.6,1.65,1.82,1.82,1.75,1.67,1.67,1.77,1.84,1.84,1.81,1.59,1.66,1.71,1.83,1.86,1.82,1.71,1.73,1.79,1.9,1.91,1.78,1.67,1.59,1.71,1.94,1.85,1.78,1.75,1.7,1.74,1.87,1.81,1.82,1.8,1.7,1.76,1.87,1.83,1.87,1.89,1.82,1.88,1.85,1.79,1.88,1.75,1.79,1.76,1.84,1.93,1.9,1.85,1.74,1.78,1.84,1.89,1.64,1.56,1.56,1.74,1.82,1.88,1.88,1.92,1.83,1.88,1.83,1.79,1.75,1.61,1.65,1.65,1.64,1.88,1.82,1.88,1.7,1.75,1.9,1.69,1.84,1.65,1.65,1.82,1.65,1.82,1.77,1.82,1.8,1.8,1.79,1.81,1.65,1.63,1.57,1.65,1.69,1.77,1.81,1.85,1.73,1.77,1.78,1.74,1.67,1.52,1.54,1.6,1.67,1.68,1.64,1.84,1.69,1.79,1.77,1.71,1.84,1.51,1.54,1.59,1.69,1.62,1.86,1.76,1.63,1.76,1.72,1.66,1.52,1.48,1.46,1.6,1.5,1.6,1.7,1.7,1.6,1.6,1.6,1.6,1.5,1.4,1.5,1.5,1.6,1.6,1.6,1.6,1.5,1.5,1.6,1.6,1.5,1.4,1.4
06 Badajoz,1.69,1.87,1.8,1.72,1.54,1.59,1.71,1.8,1.79,1.79,1.86,1.76,1.72,1.83,1.96,1.75,1.73,1.67,1.76,1.87,1.95,1.9,1.77,1.74,1.69,1.79,1.88,1.74,1.64,1.54,1.71,1.79,1.84,1.86,1.65,1.72,1.76,1.67,1.8,1.77,1.66,1.56,1.54,1.54,1.66,1.72,1.77,1.68,1.78,1.84,1.72,1.61,1.63,1.68,1.76,1.84,0,1.81,1.62,1.55,1.68,1.72,1.79,1.75,1.57,1.59,1.72,1.69,1.72,1.72,1.62,1.54,1.61,1.71,1.77,1.74,1.58,1.58,1.69,1.7,1.79,1.77,1.57,1.53,1.66,1.69,1.82,1.74,1.59,1.51,1.67,1.75,1.8,1.64,1.57,1.5,1.62,1.69,1.78,1.64,1.6,1.51,1.65,1.75,1.66,1.7,1.54,1.5,1.53,1.72,1.7,1.7,1.49,1.53,1.73,1.74,1.83,1.64,1.6,1.59,1.62,1.64,1.81,1.76,1.49,1.57,1.78,1.68,1.72,1.71,1.58,1.52,1.65,1.77,1.66,1.7,1.54,1.59,1.76,1.77,1.72,1.8,1.62,1.54,1.56,1.72,1.76,1.81,1.65,1.52,1.64,1.77,1.74,1.71,1.68,1.53,1.65,1.75,1.71,1.7,1.54,1.64,1.67,1.75,1.74,1.74,1.65,1.53,1.76,1.72,1.77,1.68,1.61,1.62,1.75,1.82,1.78,1.74,1.67,1.6,1.72,1.81,1.84,1.76,1.66,1.62,1.7,1.87,1.7,1.87,1.84,1.69,1.79,1.8,1.79,1.76,1.88,1.77,1.92,1.76,1.72,1.88,1.73,1.72,1.8,1.81,1.89,1.85,1.75,1.72,1.78,1.81,1.95,1.71,1.54,1.57,1.73,1.84,1.9,1.93,1.82,1.8,1.87,1.84,1.84,1.88,1.69,1.73,1.71,1.78,2.03,1.95,1.87,1.71,1.84,1.9,1.77,1.85,1.77,1.69,1.82,1.83,1.88,1.76,1.79,1.89,1.9,1.91,2.01,1.76,1.84,1.63,1.75,1.92,1.96,1.86,1.78,1.73,1.78,1.88,1.92,1.91,1.53,1.55,1.63,1.79,1.86,1.74,1.84,1.75,1.92,1.81,1.81,1.98,1.53,1.6,1.65,1.87,1.75,1.99,1.82,1.73,1.82,1.81,1.8,1.68,1.59,1.57,1.6,1.7,1.7,1.8,1.8,1.7,1.7,1.7,1.7,1.6,1.5,1.7,1.6,1.7,1.8,1.8,1.7,1.7,1.7,1.6,1.8,1.6,1.4,1.4
10 Cáceres,1.75,1.88,1.89,1.81,1.76,1.72,1.85,1.84,1.93,1.9,1.73,1.67,1.76,1.89,1.9,1.83,1.74,1.75,1.81,1.96,2.01,1.79,1.74,1.73,1.82,1.86,1.94,1.8,1.79,1.68,1.69,1.92,1.88,1.85,1.78,1.77,1.88,1.86,2.0,1.77,1.68,1.59,1.63,1.69,1.69,1.83,1.7,1.9,1.79,1.78,1.67,1.69,1.7,1.64,1.87,5.0,0,1.7,1.74,1.7,1.77,1.8,1.86,1.85,1.65,1.61,1.73,1.81,1.79,1.77,1.66,1.7,1.68,1.87,1.88,1.76,1.68,1.62,1.75,1.83,1.89,1.82,1.71,1.73,1.7,1.98,1.85,1.8,1.75,1.63,1.78,1.85,1.86,1.74,1.67,1.7,1.89,2.18,1.95,1.9,1.78,1.66,1.71,1.83,1.86,1.83,1.71,1.72,1.65,1.82,1.85,1.84,1.64,1.59,1.79,1.8,1.81,1.67,1.51,1.69,1.64,1.73,1.9,1.79,1.66,1.72,1.73,1.87,1.82,1.76,1.46,1.66,1.64,1.76,1.9,1.83,1.57,1.7,1.87,1.77,1.79,1.79,1.52,1.62,1.66,1.84,1.91,1.91,1.71,1.81,1.84,1.95,1.92,1.83,1.6,1.68,1.64,1.9,1.94,1.81,1.82,1.7,1.87,1.96,1.96,1.89,1.54,1.8,1.67,1.94,1.94,1.95,1.8,1.83,1.82,1.98,2.02,1.81,1.67,1.59,1.7,2.05,1.86,1.79,1.83,1.79,1.77,1.87,1.91,1.78,1.76,1.71,1.74,1.94,1.88,1.98,1.89,1.87,1.84,1.95,1.86,1.88,1.76,1.87,1.73,1.86,1.97,1.95,1.94,1.76,1.78,1.86,1.85,1.57,1.57,1.54,1.75,1.81,1.86,1.84,2.0,1.86,1.9,1.81,1.75,1.65,1.53,1.58,1.6,1.54,1.75,1.73,1.88,1.69,1.68,1.89,1.62,1.84,1.54,1.61,1.81,1.51,1.77,1.77,1.85,1.71,1.72,1.7,1.68,1.55,1.45,1.52,1.55,1.48,1.58,1.76,1.9,1.73,1.76,1.71,1.61,1.48,1.52,1.53,1.58,1.55,1.51,1.56,1.84,1.64,1.67,1.73,1.63,1.7,1.49,1.49,1.54,1.53,1.52,1.75,1.71,1.53,1.7,1.66,1.57,1.38,1.4,1.36,1.6,1.4,1.5,1.6,1.6,1.5,1.5,1.4,1.6,1.4,1.4,1.3,1.5,1.4,1.4,1.5,1.5,1.4,1.4,1.5,1.4,1.3,1.3,1.4
12 Galicia,1.77,1.88,1.81,1.82,2.18,2.09,1.82,1.65,1.67,1.85,1.8,1.79,1.76,1.87,1.82,1.85,2.25,2.16,1.82,1.68,1.77,1.84,1.79,1.82,1.82,1.96,1.87,1.88,2.23,2.12,1.87,1.73,1.8,1.9,1.8,1.87,1.94,1.89,1.87,2.01,2.32,2.17,1.92,1.85,1.91,2.02,2.38,2.54,2.34,2.5,1.95,1.98,2.32,2.3,2.05,3.61,0,2.03,1.88,1.88,1.92,2.07,1.91,1.96,2.36,2.26,1.9,1.8,1.89,1.95,1.84,1.87,1.87,2.11,1.98,1.98,2.35,2.26,1.91,1.78,1.92,1.85,1.79,1.85,1.9,1.95,1.89,1.92,2.29,2.15,1.86,1.71,1.84,1.84,1.73,1.78,1.89,1.96,1.9,1.87,2.17,2.06,1.73,1.66,1.71,1.88,1.83,1.78,1.8,1.87,1.85,1.85,2.15,1.94,1.74,1.69,1.8,1.88,1.8,1.82,1.83,2.03,1.93,1.91,2.14,2.02,1.84,1.77,1.81,2.0,1.85,2.0,1.96,2.08,1.96,1.98,2.23,2.1,1.81,1.83,1.91,1.96,1.99,1.95,1.93,2.11,2.03,2.01,2.33,2.25,1.98,1.93,1.96,1.98,1.86,1.92,2.02,2.15,2.1,2.09,2.32,2.28,2.04,2.03,2.12,2.05,1.99,1.98,2.01,2.1,2.12,2.19,2.42,2.26,2.08,1.99,2.09,2.06,2.0,2.02,2.0,2.14,2.11,2.17,2.44,2.36,2.15,2.07,2.13,2.13,2.03,2.06,2.1,2.17,2.15,2.21,2.45,2.38,2.16,2.07,2.06,2.19,2.07,2.07,2.05,2.12,2.08,2.13,2.44,2.3,2.11,1.98,2.07,2.01,1.98,2.0,2.02,2.03,2.1,2.14,2.52,2.42,2.06,1.98,2.02,2.0,1.96,1.97,1.98,2.02,2.07,2.19,2.5,2.32,2.09,2.0,1.96,2.06,1.92,2.03,2.05,2.03,2.05,2.18,2.43,2.3,2.12,2.01,2.0,2.03,1.98,1.99,1.97,2.09,2.09,2.09,2.42,2.24,2.03,2.0,1.97,1.99,2.03,2.04,2.19,2.39,2.39,2.43,2.66,2.55,2.32,2.32,2.29,2.32,2.14,2.05,2.09,2.15,2.22,2.35,2.7,2.51,2.2,2.18,2.24,2.18,2.06,2.17,2.0,2.2,2.1,2.4,2.6,2.6,2.2,2.2,2.2,2.1,2.2,2.2,2.0,2.1,2.3,2.3,2.7,2.5,2.2,2.2,2.1,2.1,2.0,2.3
"15 Coruña, A",1.79,1.79,1.69,1.67,1.96,1.88,1.67,1.61,1.61,1.78,1.8,1.89,1.78,1.77,1.67,1.64,2.01,1.94,1.72,1.6,1.71,1.87,1.81,1.92,1.9,1.9,1.71,1.73,2.03,1.94,1.76,1.67,1.73,1.86,1.8,1.87,2.0,1.89,1.78,1.92,2.1,1.97,1.87,1.98,2.03,2.31,2.59,2.8,2.72,2.79,2.05,1.82,2.05,2.11,1.75,2.72,0,2.1,1.98,1.98,1.92,1.99,1.86,1.82,2.11,2.09,1.77,1.75,1.81,1.88,1.85,1.85,1.86,2.11,1.77,1.8,2.05,2.05,1.67,1.69,1.78,1.77,1.84,1.84,1.85,1.8,1.69,1.72,2.02,1.96,1.68,1.63,1.72,1.74,1.7,1.73,1.82,1.78,1.69,1.65,1.9,1.75,1.56,1.57,1.56,1.78,1.9,1.8,1.84,1.79,1.69,1.68,1.89,1.69,1.62,1.65,1.73,1.95,1.97,1.97,1.86,2.03,1.88,1.78,1.95,1.82,1.72,1.77,1.8,2.12,2.02,2.26,2.13,2.11,1.88,1.82,1.98,1.85,1.72,1.81,1.87,2.01,2.16,2.16,2.13,2.13,1.95,1.84,2.12,2.09,1.9,1.87,1.92,2.04,2.01,2.07,2.11,2.06,1.96,1.89,2.07,2.14,1.88,1.95,2.04,2.04,2.06,2.08,2.04,2.11,1.96,1.96,2.21,2.05,1.93,1.93,2.02,2.08,2.12,2.2,2.14,2.21,1.99,1.99,2.28,2.17,2.08,2.05,2.12,2.12,2.18,2.23,2.23,2.26,2.12,2.05,2.28,2.27,2.14,2.13,2.09,2.26,2.26,2.3,2.16,2.16,2.09,1.96,2.2,2.01,1.98,1.9,2.0,2.01,2.06,2.0,2.01,2.09,2.01,1.97,2.27,2.11,1.95,1.96,1.95,1.98,1.99,1.93,2.03,2.03,2.01,1.92,2.13,1.93,2.04,1.98,1.94,2.07,2.01,2.16,2.09,2.01,1.92,1.83,2.11,2.05,1.92,1.96,1.97,2.03,2.12,2.11,2.09,2.16,2.01,1.88,2.0,1.9,1.94,1.95,1.99,2.08,2.29,2.34,2.65,2.64,2.56,2.13,2.32,2.29,2.3,2.41,2.38,2.58,2.58,2.31,2.31,2.33,2.29,2.14,2.52,2.22,2.22,2.23,2.32,2.31,2.3,2.63,2.4,2.4,2.2,2.2,2.3,2.3,2.3,2.3,2.3,2.4,2.6,2.6,2.2,2.3,2.4,2.2,2.5,2.5,2.2,2.4,2.2,2.4,2.1,2.6
27 Lugo,1.89,1.93,1.58,1.52,1.85,1.61,1.63,1.49,1.52,1.69,1.9,1.85,1.97,1.86,1.59,1.5,1.93,1.68,1.52,1.43,1.56,1.67,1.77,1.79,1.75,1.73,1.53,1.48,1.76,1.63,1.51,1.39,1.51,1.68,1.76,1.8,1.83,1.7,1.57,1.55,1.77,1.65,1.62,1.59,1.72,1.71,2.2,2.06,1.88,2.26,1.66,1.68,1.88,1.76,1.81,2.19,0,1.76,1.77,1.8,2.11,2.43,1.57,1.55,1.86,1.78,1.64,1.53,1.68,1.96,1.87,1.91,1.91,2.11,1.75,1.6,1.94,1.81,1.76,1.63,1.87,1.68,1.78,1.76,1.98,2.06,1.61,1.44,1.69,1.59,1.53,1.43,1.52,1.77,1.73,1.8,1.84,1.97,1.64,1.41,1.59,1.61,1.42,1.37,1.56,1.73,1.68,1.68,1.64,1.7,1.46,1.36,1.51,1.45,1.29,1.29,1.51,1.49,1.56,1.64,1.69,1.74,1.45,1.43,1.52,1.5,1.38,1.34,1.48,1.71,1.54,1.64,1.71,1.75,1.53,1.45,1.6,1.58,1.42,1.44,1.57,1.54,1.78,1.57,1.69,1.78,1.55,1.46,1.64,1.58,1.43,1.43,1.58,1.67,1.6,1.63,1.83,1.94,1.58,1.51,1.67,1.62,1.52,1.53,1.68,1.8,1.8,1.77,1.66,1.89,1.59,1.49,1.67,1.51,1.49,1.47,1.65,1.77,1.85,1.7,1.73,1.8,1.62,1.5,1.67,1.56,1.55,1.56,1.61,1.94,1.81,1.68,1.76,1.94,1.67,1.48,1.66,1.62,1.55,1.54,1.74,1.76,1.8,1.74,1.75,1.77,1.61,1.55,1.75,1.68,1.61,1.61,1.68,1.78,1.86,1.91,1.77,1.77,1.79,1.6,1.84,1.77,1.72,1.56,1.75,1.76,1.76,1.85,1.7,1.91,1.65,1.6,1.77,1.68,1.55,1.63,1.72,1.73,1.65,1.82,1.82,1.82,1.61,1.54,1.8,1.56,1.47,1.5,1.66,1.81,1.72,1.63,1.75,1.85,1.64,1.58,1.68,1.55,1.49,1.6,1.56,1.67,1.67,1.58,1.68,1.74,1.55,1.65,1.87,1.76,1.59,1.69,1.64,1.77,1.69,1.71,1.71,1.72,1.65,1.56,1.64,1.56,1.57,1.6,1.67,1.71,1.56,1.49,1.3,1.5,1.4,1.4,1.6,1.7,1.4,1.5,1.4,1.5,1.4,1.6,1.4,1.6,1.5,1.4,1.6,1.6,1.5,1.5,1.5,1.5,1.6,1.6
32 Ourense,1.75,1.93,2.17,2.03,2.08,1.97,1.99,2.03,1.97,1.82,1.71,1.61,1.72,2.03,2.09,2.0,2.08,2.07,1.98,2.04,1.94,1.83,1.77,1.82,1.79,1.98,2.08,2.02,2.06,1.99,1.92,1.98,1.9,1.88,1.69,1.7,1.72,1.75,1.91,1.89,1.99,1.93,1.83,1.77,1.73,1.68,2.0,1.92,1.88,1.94,1.98,1.88,2.07,2.0,1.89,3.42,0,2.05,1.69,1.67,1.81,2.0,1.86,1.94,2.05,1.9,1.85,1.86,1.85,1.82,1.74,1.74,1.71,1.91,1.89,1.9,2.0,1.95,1.96,1.84,1.91,1.83,1.68,1.57,1.76,1.98,2.06,2.06,2.07,1.97,1.93,1.91,2.1,1.89,1.71,1.75,1.75,2.04,1.98,2.15,2.1,2.06,1.93,1.91,1.98,1.85,1.73,1.66,1.7,1.98,2.03,2.1,2.02,1.8,1.89,1.86,1.86,1.83,1.67,1.56,1.71,2.21,2.17,1.99,1.92,1.81,1.97,1.81,1.89,1.75,1.64,1.77,1.76,1.94,1.83,1.94,1.92,1.85,1.88,1.83,1.85,1.87,1.73,1.63,1.71,1.92,1.84,1.81,1.95,1.72,1.95,1.81,1.88,1.72,1.61,1.57,1.68,1.86,1.8,1.81,1.84,1.88,1.93,1.87,1.85,1.79,1.6,1.6,1.74,1.86,1.88,1.96,2.03,1.99,1.83,1.86,1.95,1.82,1.63,1.71,1.79,1.99,2.01,2.02,1.95,2.14,1.96,2.03,2.03,1.96,1.73,1.72,1.85,1.87,1.86,1.98,2.02,1.97,1.91,1.94,1.94,1.91,1.76,1.76,1.84,2.08,1.98,1.95,2.13,2.02,2.06,2.12,2.15,2.04,1.77,1.71,1.78,1.9,1.95,1.85,1.9,1.85,1.82,1.84,1.89,1.98,1.85,1.8,1.78,1.86,1.94,2.01,1.98,1.94,1.78,1.88,1.88,1.89,1.66,1.79,1.89,1.91,1.93,1.88,2.0,1.91,1.86,1.83,1.79,1.8,1.7,1.75,1.73,1.89,1.98,1.9,2.01,1.88,1.85,2.06,1.78,1.72,1.62,1.67,1.71,2.27,2.38,2.35,2.17,2.1,2.21,2.51,2.57,1.65,1.61,1.72,1.91,1.78,2.35,2.32,2.2,2.55,2.01,2.53,2.13,1.8,1.61,1.66,1.8,1.7,2.2,2.4,2.1,2.4,1.9,2.4,2.3,1.7,1.5,1.8,1.7,1.7,2.3,2.0,2.3,1.6,1.4,1.6,1.6,1.5,2.0,1.6
36 Pontevedra,1.74,1.96,2.01,2.1,2.56,2.55,2.07,1.72,1.79,2.03,1.79,1.69,1.7,1.99,2.13,2.28,2.67,2.62,2.11,1.88,1.95,1.86,1.75,1.69,1.77,2.15,2.27,2.27,2.72,2.57,2.2,1.97,2.03,2.11,1.86,1.97,1.97,2.01,2.16,2.41,2.91,2.71,2.15,1.84,1.92,1.96,2.36,2.73,2.27,2.47,1.96,2.28,2.8,2.67,2.54,5.6,0,2.05,1.87,1.84,1.9,2.08,2.15,2.32,2.92,2.7,2.17,2.02,2.12,2.08,1.87,1.92,1.91,2.17,2.4,2.37,2.91,2.72,2.31,2.0,2.15,2.06,1.78,1.99,1.96,2.14,2.3,2.43,2.9,2.65,2.28,2.03,2.15,2.04,1.78,1.87,2.06,2.25,2.41,2.45,2.85,2.68,2.16,2.06,1.98,2.15,1.83,1.87,1.85,2.07,2.34,2.42,2.98,2.63,2.26,2.07,2.12,2.02,1.73,1.8,1.9,2.12,2.24,2.43,2.78,2.63,2.39,2.1,2.03,2.06,1.8,1.83,1.91,2.26,2.34,2.51,2.94,2.79,2.21,2.16,2.2,2.16,1.93,1.93,1.84,2.31,2.48,2.61,2.96,2.88,2.43,2.41,2.21,2.13,1.84,1.95,2.11,2.5,2.64,2.78,3.06,2.85,2.56,2.48,2.55,2.31,2.15,2.07,2.23,2.27,2.72,2.91,3.14,2.94,2.68,2.42,2.44,2.26,2.03,1.99,2.0,2.23,2.52,2.78,3.06,2.97,2.61,2.4,2.45,2.27,2.02,2.08,2.17,2.24,2.46,2.8,3.09,2.93,2.54,2.32,2.21,2.37,2.01,1.98,2.11,2.23,2.28,2.61,3.09,2.93,2.5,2.24,2.31,2.11,1.97,2.12,2.19,2.12,2.38,2.61,3.18,3.07,2.38,2.22,2.24,2.15,2.03,2.15,2.07,2.07,2.33,2.77,3.32,3.03,2.46,2.23,2.09,2.25,1.99,2.0,2.14,2.19,2.4,2.88,3.09,2.88,2.61,2.31,2.22,2.17,1.94,2.04,1.96,2.15,2.41,2.48,3.17,2.88,2.36,2.19,2.2,2.11,2.01,1.99,2.02,2.38,2.61,3.04,3.41,3.22,2.72,2.46,2.43,2.51,2.05,2.04,2.07,2.25,2.35,2.86,3.47,3.17,2.46,2.32,2.45,2.3,2.1,2.08,2.0,2.4,2.4,3.0,3.4,3.3,2.5,2.4,2.3,2.1,2.2,2.1,2.0,2.1,2.3,2.9,3.5,3.0,2.6,2.4,2.2,2.0,1.9,2.0
"13 Madrid, Comunidad de",2.04,2.03,2.05,1.97,1.99,1.97,1.98,2.03,2.05,2.08,1.96,2.03,2.02,2.0,2.07,2.0,1.98,1.97,1.93,1.99,2.09,1.94,1.94,1.96,1.97,1.92,2.03,1.97,1.99,2.0,2.0,2.03,2.11,2.03,1.99,2.1,2.07,2.01,2.09,2.05,2.06,2.02,1.95,1.96,1.91,1.96,1.93,1.88,1.9,1.98,2.15,2.07,2.29,2.2,2.47,2.27,0,2.34,1.96,2.03,2.05,2.02,2.01,2.1,2.05,2.03,1.98,2.0,2.06,2.02,1.91,2.03,2.01,1.98,1.97,1.96,2.01,1.94,1.94,1.99,2.0,1.94,1.91,2.02,2.01,2.0,1.99,1.98,2.06,1.99,2.02,1.97,2.03,1.93,1.91,2.0,2.0,1.91,1.97,1.95,2.01,1.95,1.87,1.89,1.9,1.94,1.9,1.98,1.95,1.92,1.98,1.95,1.97,1.91,1.92,1.99,1.98,1.94,1.85,1.95,1.92,1.92,1.94,1.99,1.92,1.89,1.9,1.97,1.99,1.94,1.84,1.92,1.93,1.95,1.97,1.96,1.96,1.92,1.89,1.92,1.92,1.95,1.87,1.92,1.86,1.9,1.95,1.92,1.89,1.85,1.85,1.89,2.0,1.88,1.83,1.9,1.89,1.88,1.98,1.91,2.07,1.86,1.87,1.94,2.02,1.92,1.85,1.89,1.82,1.86,1.89,1.89,1.93,1.84,1.88,1.92,1.98,1.88,1.83,1.86,1.87,1.88,1.9,1.86,1.9,1.83,1.83,1.9,1.92,1.85,1.82,1.86,1.83,1.87,1.88,1.88,1.91,1.84,1.81,1.9,1.87,1.86,1.83,1.87,1.9,1.87,1.88,1.9,1.92,1.84,1.85,1.88,1.94,1.87,1.83,1.87,1.93,1.86,1.91,1.97,1.95,1.9,1.88,1.92,1.93,1.86,1.87,1.93,2.0,1.98,2.05,2.03,2.07,2.0,2.03,2.09,2.07,2.12,2.01,2.09,2.12,2.02,2.1,2.03,2.09,2.03,2.0,2.15,2.12,2.1,2.06,2.09,2.07,2.12,2.14,2.1,2.16,2.11,2.12,2.17,2.17,2.15,2.08,2.15,2.12,2.22,2.12,2.12,2.16,2.12,2.15,2.21,2.21,2.23,2.2,2.18,2.18,2.2,2.18,2.17,2.09,2.21,2.25,2.21,2.26,2.15,2.18,2.15,2.2,2.2,2.2,2.2,2.1,2.1,2.2,2.2,2.2,2.2,2.2,2.3,2.2,2.2,2.2,2.1,2.2,2.1,2.1,2.1,2.2,2.2,2.2,2.2
"14 Murcia, Región de",1.8,2.03,2.22,2.55,2.57,2.38,2.38,2.44,2.28,2.35,2.13,1.85,1.83,2.01,2.19,2.33,2.62,2.39,2.36,2.48,2.38,2.34,1.99,1.8,1.85,2.02,2.18,2.33,2.53,2.38,2.36,2.39,2.37,2.23,1.94,1.79,1.86,1.87,2.05,2.25,2.69,2.49,1.96,1.67,1.63,1.65,1.67,1.77,1.63,1.9,1.73,2.02,2.46,2.07,1.61,2.34,0,2.32,2.06,1.91,1.76,1.99,2.24,2.72,2.91,2.72,2.34,2.46,2.46,2.47,2.17,2.12,1.89,2.17,2.37,2.67,3.04,2.86,2.44,2.44,2.56,2.5,2.26,2.08,1.89,2.08,2.38,2.62,3.02,2.72,2.36,2.4,2.45,2.42,2.13,2.04,1.92,2.09,2.48,2.63,3.06,2.87,2.46,2.49,2.5,2.54,2.15,1.97,1.99,2.07,2.37,2.66,3.1,2.83,2.51,2.46,2.55,2.62,2.14,1.98,1.85,2.06,2.42,2.67,3.08,2.97,2.64,2.34,2.49,2.48,2.1,1.9,1.78,2.06,2.31,2.64,3.16,2.94,2.51,2.53,2.47,2.56,2.23,2.02,1.92,2.0,2.2,2.61,3.22,3.05,2.61,2.39,2.5,2.62,2.14,2.1,2.02,2.36,2.5,2.71,3.31,3.02,2.71,2.49,2.62,2.68,2.28,2.16,2.01,2.22,2.49,2.8,3.16,2.97,2.69,2.5,2.79,2.68,2.3,2.1,1.95,2.06,2.44,2.9,3.07,2.86,2.64,2.62,2.76,2.9,2.47,2.14,1.87,2.07,2.41,2.74,2.94,2.75,2.63,2.59,2.54,2.64,2.33,2.14,2.07,2.1,2.23,2.8,2.88,2.68,2.6,2.53,2.55,2.5,2.35,2.21,1.73,1.85,2.21,2.41,2.9,2.66,2.29,2.25,2.37,2.3,2.19,2.21,2.14,2.05,2.42,2.85,3.52,2.99,2.6,2.65,2.49,2.61,2.42,2.65,2.31,2.09,2.46,2.95,3.33,3.37,2.81,2.69,2.97,2.78,2.68,2.96,2.36,2.48,2.73,3.18,3.75,3.57,3.01,2.79,2.91,3.0,2.88,3.02,2.6,2.72,2.56,3.27,3.77,3.65,3.01,2.87,2.81,3.17,2.86,2.61,2.2,2.53,2.6,3.34,3.95,3.9,3.0,2.87,3.33,3.03,3.03,2.66,2.0,2.6,2.9,3.5,3.9,3.7,3.6,2.9,3.1,3.2,3.1,2.6,2.2,2.3,3.0,3.6,4.1,4.0,3.8,3.0,3.4,3.2,3.0,3.1
"15 Navarra, Comunidad Foral de",1.81,2.04,1.91,1.8,2.09,1.96,1.83,1.78,1.81,1.85,1.72,1.71,1.66,2.0,1.94,1.79,1.91,1.88,1.81,1.74,1.83,1.84,1.76,1.72,1.7,1.91,1.91,1.77,1.88,1.84,1.77,1.79,1.78,1.9,1.73,1.81,1.9,1.84,1.83,1.8,2.03,1.83,1.81,1.83,1.83,1.85,1.85,1.9,1.76,2.03,1.85,1.76,1.92,1.83,1.81,2.65,0,1.95,1.73,1.8,1.8,1.95,1.87,1.79,1.91,1.9,1.89,1.82,1.83,2.05,1.79,1.84,1.82,2.02,1.95,1.82,1.91,1.9,1.81,1.78,1.86,1.98,1.78,1.87,1.84,1.94,1.94,1.8,2.0,1.86,1.81,1.78,1.87,1.91,1.72,1.72,1.8,1.97,1.99,1.77,2.0,1.79,1.74,1.7,1.81,1.91,1.81,1.77,1.79,1.92,1.9,1.82,1.87,1.81,1.82,1.81,1.85,1.85,1.86,1.74,1.77,1.97,1.88,1.79,1.86,1.82,1.74,1.81,1.82,1.95,1.84,1.72,1.78,2.06,1.89,1.83,1.87,1.87,1.76,1.65,1.75,1.83,1.71,1.66,1.74,1.82,1.99,1.91,1.97,1.96,1.87,1.73,1.83,1.86,1.81,1.78,1.8,1.88,1.98,1.91,2.06,2.01,1.89,1.73,1.87,1.84,1.72,1.72,1.85,1.87,1.98,1.83,1.98,1.99,1.87,1.7,1.92,1.84,1.8,1.76,1.77,1.85,2.01,1.83,2.06,1.95,1.89,1.77,1.87,1.88,1.88,1.81,1.95,1.79,2.01,1.86,2.0,2.0,1.84,1.74,1.8,1.94,1.78,1.83,1.96,1.93,1.96,1.91,2.04,1.99,1.84,1.82,1.9,1.81,1.72,1.86,2.06,1.93,2.04,1.86,2.04,2.04,1.91,1.76,1.83,1.83,1.82,1.81,2.01,1.97,2.07,1.81,2.11,2.0,1.86,1.82,1.83,2.16,2.03,2.21,2.18,1.95,2.1,1.76,2.02,1.87,1.92,1.74,1.82,2.18,2.12,2.18,1.96,1.97,2.02,1.85,2.2,1.96,1.94,1.84,1.98,1.92,2.02,1.91,2.02,1.97,1.95,1.93,2.33,2.11,1.98,1.88,1.97,2.05,2.23,2.02,2.04,2.32,2.11,2.05,2.42,2.24,2.01,1.75,1.97,1.76,1.86,1.83,1.9,2.0,2.0,1.8,2.0,2.1,1.9,1.7,1.8,1.8,1.7,1.8,1.7,1.7,2.0,1.7,1.8,1.7,1.7,1.6,1.6,1.5,1.5,1.7
16 País Vasco,1.88,1.92,1.95,1.99,2.12,2.08,1.99,1.91,1.85,1.88,1.81,1.83,1.84,1.88,1.97,2.01,2.17,2.07,1.97,1.93,1.91,1.83,1.85,1.81,1.87,1.88,1.96,1.97,2.13,2.04,1.98,1.88,1.88,1.87,1.76,1.73,1.83,1.81,1.87,1.93,2.17,1.95,1.8,1.73,1.85,1.68,1.84,1.71,1.77,2.15,1.84,1.83,2.02,1.84,1.86,3.09,0,2.05,1.81,1.8,1.8,1.86,1.92,1.95,2.13,2.02,1.94,1.92,1.92,1.8,1.81,1.84,1.85,1.93,1.98,2.0,2.11,2.09,1.91,1.87,1.89,1.86,1.8,1.83,1.81,1.85,1.94,1.94,2.17,2.02,1.92,1.89,1.89,1.86,1.85,1.89,1.84,1.89,1.93,1.98,2.18,2.03,1.83,1.82,1.72,1.91,1.75,1.76,1.82,1.88,1.88,1.95,2.14,2.02,1.9,1.89,1.88,1.8,1.77,1.81,1.76,1.8,1.89,1.95,2.12,2.01,1.86,1.87,1.85,1.75,1.71,1.76,1.77,1.83,1.86,1.93,2.1,1.98,1.84,1.82,1.78,1.88,1.75,1.7,1.83,1.84,1.9,1.99,2.1,1.97,1.87,1.88,1.91,1.78,1.78,1.75,1.88,1.85,1.93,1.96,2.14,1.93,1.83,1.84,1.89,1.86,1.85,1.85,1.87,1.78,1.86,1.9,2.07,1.92,1.86,1.8,1.82,1.78,1.75,1.73,1.77,1.8,1.86,1.86,2.07,1.94,1.84,1.82,1.87,1.82,1.76,1.82,1.77,1.81,1.79,1.85,2.07,1.89,1.76,1.82,1.73,1.81,1.75,1.7,1.76,1.82,1.81,1.85,2.1,2.0,1.79,1.75,1.89,1.75,1.73,1.72,1.86,1.86,1.89,1.92,2.22,1.97,1.83,1.79,1.82,1.7,1.72,1.7,1.84,1.89,1.96,1.97,2.28,1.98,1.85,1.83,1.78,1.92,1.78,1.78,1.87,1.8,1.9,1.94,2.17,1.95,1.85,1.85,1.92,1.79,1.8,1.82,1.84,1.92,1.92,1.94,2.16,1.93,1.8,1.88,1.91,1.8,1.86,1.87,1.86,1.97,1.89,1.94,2.15,1.96,1.94,1.89,1.8,1.97,1.85,1.86,1.9,2.08,1.94,1.96,2.15,1.99,1.97,1.89,1.96,1.89,1.88,1.92,2.0,2.0,2.0,2.0,2.1,1.9,1.8,1.8,1.8,1.8,1.9,1.8,1.9,1.9,1.9,1.9,2.1,2.0,1.8,1.8,1.9,1.8,1.8,1.8
01 Araba/Álava,2.14,2.21,2.03,2.0,1.99,2.01,2.03,1.93,2.0,2.02,2.18,2.21,2.07,2.12,2.11,2.07,2.04,1.96,1.94,1.89,1.95,1.98,2.15,1.96,1.95,1.99,1.99,1.89,1.93,1.85,1.93,1.92,1.87,2.0,1.98,1.98,2.0,1.99,1.91,1.93,1.92,1.79,1.88,1.8,1.95,1.89,2.21,1.92,2.11,2.43,1.92,1.97,1.9,1.81,2.14,4.26,0,2.01,1.84,1.81,1.86,1.89,1.88,1.88,1.95,1.89,1.87,1.94,1.91,1.86,1.88,1.96,1.96,1.97,1.94,1.93,2.01,1.85,1.83,1.75,1.84,1.83,1.8,1.81,1.88,1.85,1.8,1.82,1.98,1.83,1.84,1.86,1.82,1.8,1.91,1.79,1.82,1.78,1.8,1.87,1.96,1.74,1.71,1.65,1.56,1.82,1.72,1.64,1.85,1.77,1.71,1.7,1.75,1.69,1.66,1.73,1.66,1.77,1.75,1.75,1.75,1.68,1.7,1.78,1.84,1.8,1.74,1.77,1.71,1.66,1.67,1.82,1.78,1.75,1.76,1.9,1.95,1.91,1.81,1.89,1.84,1.88,2.11,1.83,1.83,1.88,1.87,1.94,1.95,1.83,1.8,1.91,1.97,1.82,1.9,1.89,1.89,1.75,1.82,1.93,1.9,1.72,1.78,1.79,1.74,1.83,1.9,1.94,1.87,1.8,1.78,1.83,1.74,1.76,1.79,1.79,1.82,1.77,1.7,1.8,1.77,1.8,1.73,1.78,1.81,1.9,1.76,1.87,1.88,1.87,1.91,1.89,1.87,1.81,1.82,1.83,1.89,1.78,1.74,1.71,1.66,1.78,1.93,1.74,1.79,1.81,1.79,1.9,2.03,1.86,1.77,1.66,1.81,1.75,1.74,1.75,1.84,1.79,1.8,1.94,2.06,1.86,1.75,1.82,1.85,1.69,1.81,1.78,1.87,1.87,1.97,1.93,2.18,1.89,1.84,1.98,1.87,1.89,1.8,1.85,1.9,1.81,1.88,1.89,2.08,1.85,1.73,1.78,1.78,1.79,1.87,1.93,1.89,1.98,2.11,2.02,2.12,2.01,1.79,1.88,2.02,1.8,1.93,1.95,2.11,2.03,2.03,1.99,2.26,2.23,2.04,2.07,1.84,2.08,2.01,1.99,2.02,2.19,1.94,2.0,2.13,1.99,1.99,2.01,2.17,2.06,2.22,2.2,2.1,2.0,1.9,1.9,1.9,1.9,1.7,1.8,1.8,1.8,2.0,2.1,2.0,2.0,2.1,2.0,2.0,2.0,1.9,1.9,1.8,1.8,1.8,1.7
48 Bizkaia,1.84,1.87,1.92,1.94,2.09,1.98,1.93,1.9,1.83,1.9,1.82,1.76,1.81,1.82,1.92,1.97,2.15,1.93,1.92,1.9,1.92,1.8,1.84,1.81,1.87,1.86,1.93,1.91,2.06,1.84,1.88,1.82,1.82,1.82,1.72,1.73,1.85,1.79,1.88,1.9,2.17,1.95,1.79,1.77,1.84,1.63,1.77,1.71,1.78,2.26,1.92,1.89,2.01,1.84,1.91,2.36,0,2.0,1.76,1.84,1.78,1.83,1.88,1.85,2.09,1.92,1.9,1.84,1.86,1.77,1.85,1.87,1.8,1.9,1.95,1.94,2.05,1.95,1.85,1.83,1.86,1.81,1.8,1.86,1.76,1.78,1.93,1.87,2.11,1.94,1.84,1.82,1.88,1.85,1.88,1.98,1.83,1.91,1.91,1.93,2.13,1.96,1.74,1.8,1.72,1.89,1.77,1.81,1.82,1.91,1.9,1.94,2.13,1.98,1.86,1.9,1.95,1.79,1.83,1.9,1.77,1.79,1.93,1.93,2.11,1.93,1.81,1.86,1.85,1.74,1.71,1.76,1.76,1.82,1.88,1.87,2.05,1.88,1.78,1.76,1.76,1.84,1.69,1.72,1.82,1.82,1.86,1.94,2.06,1.88,1.84,1.88,1.86,1.74,1.75,1.77,1.88,1.86,1.93,1.88,2.12,1.99,1.86,1.83,1.98,1.86,1.82,1.79,1.82,1.75,1.81,1.83,2.05,1.78,1.82,1.83,1.81,1.77,1.81,1.69,1.74,1.75,1.74,1.74,1.98,1.82,1.73,1.77,1.79,1.76,1.71,1.72,1.67,1.75,1.74,1.71,1.96,1.76,1.67,1.76,1.67,1.77,1.75,1.66,1.69,1.72,1.74,1.71,2.01,1.88,1.71,1.69,1.85,1.74,1.68,1.68,1.77,1.77,1.86,1.8,2.08,1.8,1.72,1.69,1.74,1.71,1.71,1.65,1.82,1.92,1.93,1.83,2.08,1.8,1.77,1.75,1.74,1.91,1.78,1.84,1.83,1.79,1.85,1.92,2.04,1.81,1.85,1.92,1.92,1.75,1.78,1.8,1.89,1.84,1.86,1.85,2.01,1.83,1.75,1.88,1.82,1.82,1.81,1.93,1.83,1.89,1.82,1.95,1.99,1.84,1.95,1.83,1.84,2.01,1.87,1.84,1.88,1.95,2.01,1.87,2.0,1.92,1.89,1.87,1.89,1.96,1.82,1.82,2.0,1.9,2.1,2.0,2.1,1.8,1.9,1.9,1.9,1.8,2.0,1.8,2.0,1.8,1.7,1.8,1.9,1.9,1.8,1.8,1.8,1.9,1.9,1.8
20 Gipuzkoa,1.84,1.88,1.96,2.04,2.21,2.22,2.03,1.92,1.83,1.83,1.69,1.79,1.79,1.88,1.99,2.02,2.24,2.28,2.02,1.98,1.9,1.81,1.77,1.75,1.84,1.89,2.0,2.06,2.3,2.35,2.12,1.95,1.95,1.87,1.75,1.66,1.74,1.79,1.84,1.96,2.24,2.0,1.78,1.66,1.81,1.65,1.77,1.61,1.62,1.85,1.72,1.75,2.06,1.86,1.7,3.09,0,2.14,1.86,1.74,1.8,1.89,1.99,2.09,2.26,2.2,2.03,2.02,2.0,1.82,1.74,1.75,1.87,1.95,2.03,2.1,2.23,2.38,2.01,1.96,1.95,1.94,1.81,1.79,1.85,1.94,2.0,2.07,2.32,2.2,2.03,1.99,1.92,1.9,1.77,1.8,1.86,1.91,2.01,2.09,2.31,2.22,1.98,1.88,1.78,1.96,1.73,1.75,1.8,1.88,1.91,2.06,2.34,2.19,2.02,1.94,1.88,1.82,1.69,1.72,1.75,1.86,1.92,2.03,2.24,2.17,1.96,1.93,1.91,1.79,1.72,1.74,1.78,1.87,1.87,2.02,2.22,2.12,1.92,1.88,1.78,1.93,1.71,1.62,1.85,1.84,1.98,2.08,2.22,2.13,1.92,1.86,1.95,1.81,1.76,1.68,1.89,1.87,1.96,2.05,2.26,1.96,1.82,1.88,1.85,1.86,1.88,1.9,1.93,1.83,1.94,2.02,2.22,2.13,1.93,1.77,1.84,1.79,1.69,1.75,1.82,1.86,2.04,2.01,2.26,2.07,1.99,1.85,1.95,1.89,1.77,1.93,1.86,1.89,1.84,2.01,2.23,2.06,1.87,1.93,1.82,1.86,1.7,1.73,1.83,1.95,1.9,1.99,2.22,2.18,1.88,1.83,1.96,1.76,1.77,1.77,1.97,2.0,1.95,2.02,2.45,2.18,1.96,1.9,1.89,1.7,1.69,1.72,1.84,1.85,1.99,2.12,2.54,2.16,1.93,1.86,1.79,1.95,1.78,1.7,1.91,1.82,1.95,1.97,2.3,2.08,1.89,1.81,1.98,1.85,1.78,1.78,1.76,1.98,1.9,1.97,2.28,1.97,1.86,1.87,1.94,1.79,1.87,1.77,1.78,2.02,1.9,1.91,2.21,1.95,1.89,1.86,1.75,1.9,1.76,1.8,1.85,2.13,1.9,2.02,2.25,2.02,2.01,1.85,1.92,1.74,1.75,1.87,1.9,1.9,1.9,2.0,2.3,2.0,1.8,1.8,1.8,1.7,1.7,1.8,1.8,1.8,1.9,2.0,2.3,2.0,1.8,1.7,2.0,1.7,1.7,1.8
"17 Rioja, La",1.78,1.82,1.77,1.69,1.66,1.68,1.74,1.64,1.74,1.74,1.73,1.63,1.94,1.77,1.8,1.73,1.69,1.76,1.77,1.77,1.75,1.8,1.76,1.66,1.83,1.74,1.81,1.74,1.79,1.72,1.71,1.65,1.74,1.72,1.65,1.65,1.81,1.73,1.74,1.6,1.72,1.73,1.7,1.65,1.75,1.76,1.87,1.82,1.65,1.88,1.75,1.74,1.76,1.75,1.75,1.9,0,1.89,1.74,1.63,1.77,1.77,1.77,1.76,1.74,1.75,1.74,1.69,1.79,1.76,1.66,1.73,1.77,1.83,1.82,1.77,1.82,1.79,1.77,1.7,1.78,1.83,1.71,1.65,1.8,1.78,1.81,1.79,1.86,1.77,1.82,1.7,1.75,1.77,1.66,1.73,1.81,1.73,1.88,1.76,1.87,1.78,1.63,1.6,1.66,1.87,1.75,1.75,1.72,1.79,1.78,1.7,1.76,1.65,1.67,1.65,1.71,1.62,1.64,1.65,1.72,1.79,1.81,1.75,1.78,1.71,1.66,1.74,1.8,1.76,1.75,1.58,1.73,1.73,1.79,1.73,1.76,1.73,1.72,1.7,1.83,1.77,1.74,1.64,1.77,1.82,1.79,1.73,1.85,1.77,1.73,1.66,1.76,1.76,1.66,1.65,1.78,1.77,1.81,1.67,1.87,1.8,1.7,1.68,1.79,1.77,1.61,1.68,1.85,1.77,1.85,1.7,1.83,1.73,1.74,1.63,1.77,1.79,1.62,1.67,1.85,1.86,1.85,1.82,1.92,1.83,1.76,1.65,1.82,1.74,1.68,1.69,1.74,1.78,1.74,1.72,1.81,1.82,1.67,1.64,1.66,1.9,1.65,1.72,1.95,1.82,1.7,1.68,2.01,1.86,1.78,1.63,1.8,1.72,1.72,1.69,1.86,1.77,1.74,1.76,1.96,1.81,1.84,1.67,1.83,1.75,1.79,1.72,1.88,1.72,1.75,1.64,1.83,1.7,1.62,1.69,1.72,1.86,1.71,1.95,1.84,1.8,1.85,1.86,1.98,1.89,1.76,1.72,1.99,1.81,1.92,1.82,1.83,1.87,1.8,1.85,1.92,1.96,1.76,1.84,1.84,1.76,1.9,1.74,1.93,1.86,1.8,1.78,1.93,1.8,1.84,1.74,1.81,1.91,1.85,1.81,1.94,1.88,1.79,1.79,2.0,1.79,1.84,1.72,1.94,1.86,1.77,1.8,2.0,1.8,1.8,1.9,2.1,1.8,1.7,1.8,1.9,1.8,1.7,1.9,1.9,2.0,1.8,1.8,1.9,1.8,1.7,1.7,1.8,1.6,1.8,1.7
18 Ceuta,1.84,1.79,2.47,2.18,2.25,2.07,1.78,1.94,1.65,2.08,2.26,2.31,2.2,2.23,2.28,2.22,2.34,2.24,2.04,1.85,1.95,2.01,1.9,2.14,1.97,1.99,2.15,2.27,2.22,2.22,2.3,2.44,2.29,2.47,2.17,2.44,2.54,2.27,2.15,2.27,2.51,2.8,2.99,2.35,2.19,2.21,2.5,2.85,2.94,3.24,3.03,2.64,3.0,2.56,,,0,2.55,2.42,2.12,2.12,2.15,2.13,2.71,2.17,2.17,2.14,2.17,2.13,2.15,2.21,2.27,2.28,2.22,2.29,2.52,2.19,2.44,2.27,2.35,3.03,2.31,2.42,2.28,2.11,2.4,2.54,2.31,2.03,2.57,2.64,2.09,2.48,2.61,2.1,2.59,2.6,2.27,2.39,2.49,2.63,2.36,2.47,2.46,2.38,2.46,2.44,2.52,2.06,2.21,2.23,1.94,2.33,1.99,1.95,1.88,2.19,2.81,2.01,2.14,2.21,2.1,2.36,2.04,3.47,2.31,2.27,2.3,2.88,2.5,2.24,2.22,2.37,1.81,2.09,2.2,2.36,1.91,2.16,2.1,2.06,2.25,1.88,2.02,2.03,2.02,2.01,1.74,2.09,1.97,1.91,2.1,2.03,2.16,2.1,1.99,2.11,1.96,1.93,1.86,2.05,2.16,1.9,2.11,1.75,2.17,2.14,1.92,2.19,1.97,2.07,1.9,2.44,1.81,2.02,2.15,1.98,2.28,2.04,1.85,2.06,2.16,1.66,1.88,2.14,1.92,2.11,2.1,2.09,2.08,1.8,2.07,2.2,2.07,2.02,2.21,2.15,2.03,1.67,1.85,2.2,1.99,2.45,1.85,2.15,2.35,2.16,2.12,2.11,1.89,1.83,1.91,2.65,2.29,2.76,1.98,2.05,2.17,2.02,2.04,1.97,2.05,1.8,1.79,1.81,2.0,2.43,1.99,2.19,2.45,2.96,2.81,2.42,2.31,2.7,2.64,2.75,2.13,2.56,2.51,2.48,2.49,2.21,2.63,2.29,2.07,2.58,2.27,2.15,2.1,2.63,2.33,2.22,1.97,2.15,2.03,2.16,1.91,1.98,2.14,2.18,2.22,2.73,2.51,2.8,2.56,2.78,2.66,2.67,3.28,2.7,2.51,2.38,2.3,2.69,2.57,2.98,2.88,2.94,3.04,2.28,2.35,2.88,2.02,2.0,2.31,2.33,2.18,1.9,2.3,2.1,2.0,2.2,2.7,2.5,2.5,2.4,2.8,2.8,3.1,2.8,3.3,3.0,2.9,2.6,2.6,3.2,3.2,2.5,3.0,3.8,2.0
19 Melilla,2.18,2.12,2.33,2.36,2.12,2.3,2.6,2.29,2.28,2.36,2.31,2.14,2.21,2.14,2.44,2.56,2.46,2.75,2.62,2.44,2.32,2.44,2.48,1.99,2.16,2.19,2.32,2.17,2.23,2.23,2.29,2.17,2.47,2.44,2.33,2.38,2.59,2.37,2.44,2.82,3.29,2.73,2.53,2.58,2.38,2.68,2.89,2.75,2.65,3.07,2.61,3.02,2.59,2.38,,,0,2.18,2.18,2.03,2.2,2.0,2.15,2.02,1.87,2.04,2.22,2.27,2.31,1.95,2.19,1.95,2.05,2.14,2.15,2.0,1.94,2.33,2.29,2.53,2.2,2.35,2.44,2.34,2.43,2.71,2.5,2.31,2.35,2.41,3.03,2.42,2.45,2.46,2.62,2.7,2.51,2.48,2.64,2.52,2.46,2.72,3.1,2.98,2.96,3.11,3.04,2.45,2.65,2.64,2.36,2.33,2.41,2.76,2.8,2.73,2.53,2.81,2.65,2.89,2.97,2.62,2.6,2.45,2.62,3.02,2.9,2.96,2.92,2.62,2.67,2.59,2.35,2.27,2.23,2.35,2.43,2.46,2.44,2.4,2.53,2.46,2.37,2.48,2.31,2.25,2.26,2.68,2.78,2.69,2.67,2.55,3.08,2.89,2.59,2.54,2.5,2.54,2.73,2.44,2.94,2.66,2.64,2.62,2.7,2.62,2.8,2.67,2.73,2.55,2.57,2.7,3.16,2.66,2.68,2.73,2.4,2.67,2.48,2.76,2.67,2.76,2.98,2.88,3.21,2.82,2.85,2.9,2.51,2.52,2.57,2.78,2.7,2.99,2.51,2.94,2.96,2.98,2.73,2.43,2.57,2.48,2.4,2.48,2.67,2.43,2.72,2.95,2.74,2.93,2.75,3.16,2.45,2.54,2.58,2.41,2.44,2.62,2.45,2.88,3.05,2.73,2.93,2.53,2.47,2.25,2.5,2.58,2.86,3.21,3.48,2.47,2.67,2.11,2.46,2.24,2.16,2.12,2.18,2.71,2.42,2.5,2.4,2.45,2.37,2.23,2.13,2.11,1.88,2.48,1.65,1.98,2.12,2.34,2.07,1.99,2.33,2.32,2.19,2.07,2.21,2.05,2.12,2.07,2.25,2.68,2.53,2.41,2.3,2.78,2.29,2.46,2.69,2.22,2.32,2.17,2.65,2.54,3.28,2.91,2.54,2.69,2.55,2.84,2.94,2.64,2.62,3.14,2.3,2.3,2.0,2.9,2.3,2.6,2.6,2.9,3.0,3.1,3.3,3.2,3.3,3.0,2.8,2.7,2.9,2.7,3.4,3.3,4.4,3.7,3.0,4.5
